message_uuid,time,tenant,org_id,space_id,app_or_service_id,als_service_id,user,category,format_version,message.uuid,message.user,message.time,message.id,message.success,message.object.type,message.object.id.entity,message.attributes.0.name,message.attributes.0.old,message.attributes.0.new.id,message.attributes.0.new.internalSubscriptionId,message.attributes.0.new.xsuaaSaasApplicationServiceInstanceId,message.attributes.0.new.rootIdentifier,message.attributes.0.new.appId,message.attributes.0.new.appName,message.attributes.0.new.consumerId,message.attributes.0.new.subaccountId,message.attributes.0.new.subscriptionGUID,message.attributes.0.new.subdomain,message.attributes.0.new.globalAccountId,message.attributes.0.new.code,message.attributes.0.new.amount,message.attributes.0.new.state,message.attributes.0.new.origin,message.status,message.category,message.tenant,message.attributes.0.new.url,message.object.id.crudType,message.object.id.creationTimestamp,message.attributes.0.new.type,message.attributes.0.new.config.emailDomain,message.attributes.0.new.config.additionalConfiguration.domain,message.attributes.0.new.config.providerDescription,message.attributes.0.new.config.attributeMappings.given_name,message.attributes.0.new.config.attributeMappings.external_groups.0,message.attributes.0.new.config.attributeMappings.family_name,message.attributes.0.new.config.attributeMappings.user_name,message.attributes.0.new.config.attributeMappings.email,message.attributes.0.new.config.addShadowUserOnLogin,message.attributes.0.new.config.storeCustomAttributes,message.attributes.0.new.config.authUrl,message.attributes.0.new.config.tokenUrl,message.attributes.0.new.config.tokenKeyUrl,message.attributes.0.new.config.tokenKey,message.attributes.0.new.config.userInfoUrl,message.attributes.0.new.config.logoutUrl,message.attributes.0.new.config.linkText,message.attributes.0.new.config.showLinkText,message.attributes.0.new.config.clientAuthInBody,message.attributes.0.new.config.skipSslValidation,message.attributes.0.new.config.relyingPartyId,message.attributes.0.new.config.scopes.0,message.attributes.0.new.config.scopes.1,message.attributes.0.new.config.scopes.2,message.attributes.0.new.config.issuer,message.attributes.0.new.config.responseType,message.attributes.0.new.config.userPropagationParameter,message.attributes.0.new.config.pkce,message.attributes.0.new.config.performRpInitiatedLogout,message.attributes.0.new.config.cacheJwks,message.attributes.0.new.config.discoveryUrl,message.attributes.0.new.config.passwordGrantEnabled,message.attributes.0.new.config.setForwardHeader,message.attributes.0.new.config.tokenExchangeEnabled,message.attributes.0.new.config.platformIdp,message.attributes.0.new.config.applicationIdp,message.attributes.0.new.config.originKeyCfuaa,message.attributes.0.new.config.neoAuthnWithOidc,message.attributes.0.new.originKey,message.attributes.0.new.name,message.attributes.0.new.version,message.attributes.0.new.created,message.attributes.0.new.last_modified,message.attributes.0.new.active,message.attributes.0.new.identityZoneId,message.attributes.0.new.aliasId,message.attributes.0.new.aliasZid,message.object.id.origin,message.object.id.onBehalfOf,message.object.id.correlationId,message.attributes.0.new.accessTokenValidity,message.attributes.0.new.refreshTokenValidity,message.attributes.0.new.refreshTokenUnique,message.attributes.0.new.changeMode,message.attributes.0.new.keyId,message.identityProvider,message.object.id.tableName,message.object.id.identityproviderid,message.attributes.0.new,message.attributes.1.name,message.attributes.1.new,message.attributes.2.name,message.attributes.2.new,message.attributes.3.name,message.attributes.3.new,message.attributes.0.old.accessTokenValidity,message.attributes.0.old.refreshTokenValidity,message.attributes.0.old.jwtRevocable,message.attributes.0.old.refreshTokenUnique,message.attributes.0.old.refreshTokenRotate,message.attributes.0.old.refreshTokenFormat,message.attributes.0.old.jwtTokenTimestamps.default-jwt-key-fb33949b60.creationTimestamp,message.attributes.0.old.jwtTokenTimestamps.default-jwt-key-fb33949b60.lastModifiedTimestamp,message.attributes.0.old.jwtTokenTimestamps.default-jwt-key-fb33949b60.expiresAtTimestamp,message.attributes.0.old.activeKeyId,message.attributes.0.old.encrypted,message.attributes.0.old.keys.default-jwt-key-fb33949b60.signingKey,message.attributes.0.old.keys.default-jwt-key-fb33949b60.keyGenerator,message.attributes.0.old.keys.default-jwt-key-fb33949b60.signingCert,message.attributes.0.old.keys.default-jwt-key-fb33949b60.signingAlg,message.attributes.0.new.jwtRevocable,message.attributes.0.new.refreshTokenRotate,message.attributes.0.new.refreshTokenFormat,message.attributes.0.new.jwtTokenTimestamps.default-jwt-key-fb33949b60.creationTimestamp,message.attributes.0.new.jwtTokenTimestamps.default-jwt-key-fb33949b60.lastModifiedTimestamp,message.attributes.0.new.jwtTokenTimestamps.default-jwt-key-fb33949b60.expiresAtTimestamp,message.attributes.0.new.activeKeyId,message.attributes.0.new.encrypted,message.attributes.0.new.keys.default-jwt-key-fb33949b60.signingKey,message.attributes.0.new.keys.default-jwt-key-fb33949b60.keyGenerator,message.attributes.0.new.keys.default-jwt-key-fb33949b60.signingCert,message.attributes.0.new.keys.default-jwt-key-fb33949b60.signingAlg,message.object.id.id,message.attributes.1.old,message.attributes.3.old,message.attributes.4.name,message.attributes.4.old,message.attributes.4.new,message.attributes.5.name,message.attributes.5.old.0,message.attributes.5.new.0,message.attributes.6.name,message.attributes.7.name,message.attributes.8.name,message.attributes.9.name,message.attributes.9.old,message.attributes.9.new,message.attributes.10.name,message.attributes.10.old,message.attributes.10.new,message.attributes.11.name,message.attributes.11.old,message.attributes.11.new,message.attributes.12.name,message.attributes.13.name,message.attributes.13.old.originalUsername,message.attributes.13.old.treatUsersWithSameEmailAsSameUser,message.attributes.13.old.customEmailDomains,message.attributes.13.old.tenantLimitOverwrites,message.attributes.13.old.partitionedCookies,message.attributes.13.old.preserveUserNameCase,message.attributes.13.old.useSigningCertificates,message.attributes.13.old.cmkEnabled,message.attributes.13.new.originalUsername,message.attributes.13.new.treatUsersWithSameEmailAsSameUser,message.attributes.13.new.customEmailDomains,message.attributes.13.new.tenantLimitOverwrites,message.attributes.13.new.partitionedCookies,message.attributes.13.new.preserveUserNameCase,message.attributes.13.new.useSigningCertificates,message.attributes.13.new.cmkEnabled,message.attributes.14.name,message.attributes.14.new,message.attributes.15.name,message.attributes.15.old,message.attributes.15.new,message.attributes.16.name,message.attributes.16.old,message.attributes.16.new,message.attributes.17.name,message.attributes.17.old,message.attributes.17.new,message.attributes.18.name,message.attributes.18.old,message.attributes.18.new,message.attributes.19.name,message.attributes.19.old,message.attributes.19.new,message.attributes.0.new.config.additionalConfiguration,message.attributes.0.new.config.attributeMappings.user.attribute.groups,message.attributes.0.new.config.attributeMappings.user.attribute.remoteEntityId,message.attributes.0.new.config.attributeMappings.user_uuid,message.attributes.0.new.config.jwtClientAuthentication,message.attributes.0.new.config.defaultIdp,message.attributes.0.new.config.iasTenant.host,message.attributes.0.new.config.iasTenant.adminUrl,message.attributes.0.new.config.idpType,message.attributes.0.new.iasSaasApplicationServiceInstanceId,message.object.id.name,message.object.id.configuration,message.object.id.change-summary,message.object.id.micro-service,message.object.id.customer-org,message.object.id.mobile-application,message.object.id.customer-space,message.object.id.mobile-instanceId,message.object.id.client-ip,message.object.id.customer-subaccount,message.attributes.0.old.basicAuthConfiguration,message.attributes.0.old.endpointConfigurations.0.endPointName,message.attributes.0.old.endpointConfigurations.0.endPointAddress,message.attributes.0.old.endpointConfigurations.0.accessPaths.0,message.attributes.0.old.endpointConfigurations.0.certificateAlias,message.attributes.0.old.endpointConfigurations.0.maximumConnections,message.attributes.0.old.endpointConfigurations.0.connectionTimeout,message.attributes.0.old.endpointConfigurations.0.useCloudConnector,message.attributes.0.old.endpointConfigurations.0.mtbConfiguration,message.attributes.0.old.endpointConfigurations.0.sccLocationId,message.attributes.0.old.endpointConfigurations.0.relativeURLs,message.attributes.0.old.endpointConfigurations.0.rewriteMode,message.attributes.0.old.endpointConfigurations.0.ssoMethod,message.attributes.0.old.endpointConfigurations.0.app2AppSsoConfiguration,message.attributes.0.old.endpointConfigurations.0.basicAuthentication,message.attributes.0.old.endpointConfigurations.0.forwardAuthentication,message.attributes.0.old.endpointConfigurations.0.iasApp2AppSsoConfiguration,message.attributes.0.old.endpointConfigurations.0.propagateUsername,message.attributes.0.old.endpointConfigurations.0.throttlingThreshold,message.attributes.0.old.endpointConfigurations.0.virusScanType,message.attributes.0.old.endpointConfigurations.0.maxRequestSizeInBytes,message.attributes.0.old.endpointConfigurations.0.headers.0.name,message.attributes.0.old.endpointConfigurations.0.headers.0.value,message.attributes.0.old.endpointConfigurations.0.headers.0.overwrite,message.attributes.0.old.endpointConfigurations.0.headers.1.name,message.attributes.0.old.endpointConfigurations.0.headers.1.value,message.attributes.0.old.endpointConfigurations.0.headers.1.overwrite,message.attributes.0.old.endpointConfigurations.0.connectedServiceInstanceId,message.attributes.0.old.endpointConfigurations.0.connectedServiceName,message.attributes.0.old.endpointConfigurations.0.hostNameVerifier,message.attributes.0.old.endpointConfigurations.0.trustAll,message.attributes.0.old.endpointConfigurations.0.encodedKeyStore,message.attributes.0.old.endpointConfigurations.0.keyStorePassword,message.attributes.0.old.endpointConfigurations.0.encodedTrustStore,message.attributes.0.old.endpointConfigurations.0.trustStorePassword,message.attributes.0.old.endpointConfigurations.0.preemptive,message.attributes.0.old.endpointConfigurations.0.useAlternativeHostHeaderKey,message.attributes.0.old.endpointConfigurations.0.allowBypass,message.attributes.0.old.endpointConfigurations.0.setXForwardedHeaders,message.attributes.0.old.endpointConfigurations.0.includeXCustomHostHeader,message.attributes.0.old.endpointConfigurations.0.mtbDestination,message.attributes.0.old.endpointConfigurations.0.oauth2SAMLConfiguration,message.attributes.0.old.endpointConfigurations.0.oauth2ClientCredentialConfiguration,message.attributes.0.old.endpointConfigurations.0.oauth2UserTokenExchangeConfiguration,message.attributes.0.old.endpointConfigurations.1.endPointName,message.attributes.0.old.endpointConfigurations.1.endPointAddress,message.attributes.0.old.endpointConfigurations.1.accessPaths.0,message.attributes.0.old.endpointConfigurations.1.certificateAlias,message.attributes.0.old.endpointConfigurations.1.maximumConnections,message.attributes.0.old.endpointConfigurations.1.connectionTimeout,message.attributes.0.old.endpointConfigurations.1.useCloudConnector,message.attributes.0.old.endpointConfigurations.1.mtbConfiguration,message.attributes.0.old.endpointConfigurations.1.sccLocationId,message.attributes.0.old.endpointConfigurations.1.relativeURLs,message.attributes.0.old.endpointConfigurations.1.rewriteMode,message.attributes.0.old.endpointConfigurations.1.ssoMethod,message.attributes.0.old.endpointConfigurations.1.app2AppSsoConfiguration,message.attributes.0.old.endpointConfigurations.1.basicAuthentication,message.attributes.0.old.endpointConfigurations.1.forwardAuthentication,message.attributes.0.old.endpointConfigurations.1.iasApp2AppSsoConfiguration,message.attributes.0.old.endpointConfigurations.1.propagateUsername,message.attributes.0.old.endpointConfigurations.1.throttlingThreshold,message.attributes.0.old.endpointConfigurations.1.virusScanType,message.attributes.0.old.endpointConfigurations.1.maxRequestSizeInBytes,message.attributes.0.old.endpointConfigurations.1.connectedServiceInstanceId,message.attributes.0.old.endpointConfigurations.1.connectedServiceName,message.attributes.0.old.endpointConfigurations.1.hostNameVerifier,message.attributes.0.old.endpointConfigurations.1.trustAll,message.attributes.0.old.endpointConfigurations.1.encodedKeyStore,message.attributes.0.old.endpointConfigurations.1.keyStorePassword,message.attributes.0.old.endpointConfigurations.1.encodedTrustStore,message.attributes.0.old.endpointConfigurations.1.trustStorePassword,message.attributes.0.old.endpointConfigurations.1.preemptive,message.attributes.0.old.endpointConfigurations.1.useAlternativeHostHeaderKey,message.attributes.0.old.endpointConfigurations.1.allowBypass,message.attributes.0.old.endpointConfigurations.1.setXForwardedHeaders,message.attributes.0.old.endpointConfigurations.1.mtbDestination,message.attributes.0.old.endpointConfigurations.1.oauth2SAMLConfiguration,message.attributes.0.old.endpointConfigurations.1.oauth2ClientCredentialConfiguration,message.attributes.0.old.endpointConfigurations.1.oauth2UserTokenExchangeConfiguration,message.attributes.0.old.cloudDestinationEnabled,message.attributes.0.old.lastDownlaodSamlExpireTime,message.attributes.0.new.basicAuthConfiguration,message.attributes.0.new.cloudDestinationEnabled,message.attributes.0.new.lastDownlaodSamlExpireTime,message.app,message.org,message.space,message.attributes.0.old.defaultPolicy.clientUsageUploadEnabled,message.attributes.0.old.defaultPolicy.uploadDataAfterDays,message.attributes.0.old.defaultPolicy.hashUsernameEnabled,message.attributes.0.old.defaultPolicy.crashLogUploadEnabled,message.attributes.0.old.exportOdataService,message.attributes.0.new.defaultPolicy.clientUsageUploadEnabled,message.attributes.0.new.defaultPolicy.uploadDataAfterDays,message.attributes.0.new.defaultPolicy.hashUsernameEnabled,message.attributes.0.new.defaultPolicy.crashLogUploadEnabled,message.attributes.0.new.exportOdataService,message.object.id.key,message.attributes.0.new.subaccountsIds.baae3a89-81f6-4b4a-a216-7cbaedcc401c.fdc_app_host_id,message.attributes.0.new.subscribedScenario.0,message.attributes.0.new.subscribedPlansScenario.LAUNCHPAD,message.attributes.0.new.tenantId,message.attributes.0.new.instanceId,message.attributes.0.new.userName,message.attributes.0.new.x-attribute-username,message.attributes.0.new.siteId,message.object.id.targetTenant,message.attributes.0.new.accountId,message.attributes.0.new.serviceId,message.attributes.0.new.planId,message.attributes.0.new.status,message.attributes.0.new.labels.API Endpoint,message.attributes.0.new.labels.Org Name,message.attributes.0.new.labels.Org ID,message.attributes.0.new.labels.Org Memory Limit,message.attributes.0.new.operation,message.attributes.0.new.parameters.usersToAdd.0.email,message.attributes.0.new.parameters.usersToAdd.0.id,message.attributes.0.new.platformId,message.attributes.0.new.originatingId,message.attributes.0.new.stateMessage,message.attributes.0.new.lastModifiedDate,message.attributes.0.new.lastModifiedBy,message.attributes.0.new.createdDate,message.attributes.0.new.createdBy,message.attributes.0.new.context.tenant_id,message.attributes.0.new.context.technical_key,message.attributes.0.new.context.user_id,message.attributes.0.new.context.license_type,message.attributes.0.new.context.origin,message.attributes.0.new.context.active,message.attributes.0.new.context.commercial_model,message.attributes.0.new.context.subaccount_id,message.attributes.0.new.context.platform_quota,message.attributes.0.new.context.region,message.attributes.0.new.context.globalaccount_id,message.attributes.0.new.context.platform,message.attributes.0.new.parameters.status,message.object.id.message,message.object.id.Global Account GUID,message.object.id.Subscribed TenantID,message.object.id.Subscription Plan,message.object.id.type,message.object.id.description,message.object.id.object_id,message.object.id.action,message.object.id.operationType,message.object.id.loggedBy,message.attributes.0.new.Type,message.attributes.0.new.metadata.userAgent,message.attributes.0.new.Owner.SubaccountId,message.attributes.0.new.Owner.InstanceId,message.attributes.0.new.Description,message.attributes.0.new.User,message.attributes.0.new.Authentication,message.attributes.0.new.ProxyType,message.attributes.0.new.URL,message.attributes.0.new.Name,message.attributes.0.new.Password,message.attributes.1.old.Type,message.attributes.1.old.metadata.creation_time,message.attributes.1.old.metadata.spii_metadata,message.attributes.1.old.metadata.etag,message.attributes.1.old.metadata.userAgent,message.attributes.1.old.metadata.encryption,message.attributes.1.old.metadata.modification_time,message.attributes.1.old.Owner.SubaccountId,message.attributes.1.old.Owner.InstanceId,message.attributes.1.old.Description,message.attributes.1.old.User,message.attributes.1.old.Authentication,message.attributes.1.old.$uc_ds_clientProvidedMetadata.shared_with_subscriber,message.attributes.1.old.ProxyType,message.attributes.1.old.URL,message.attributes.1.old.Name,message.attributes.1.old.Password,message.attributes.1.new.Type,message.attributes.1.new.metadata.creation_time,message.attributes.1.new.metadata.spii_metadata,message.attributes.1.new.metadata.etag,message.attributes.1.new.metadata.userAgent,message.attributes.1.new.metadata.encryption,message.attributes.1.new.metadata.modification_time,message.attributes.1.new.Owner.SubaccountId,message.attributes.1.new.Owner.InstanceId,message.attributes.1.new.Description,message.attributes.1.new.User,message.attributes.1.new.Authentication,message.attributes.1.new.$uc_ds_clientProvidedMetadata.shared_with_subscriber,message.attributes.1.new.ProxyType,message.attributes.1.new.URL,message.attributes.1.new.Name,message.attributes.1.new.Password,message.attributes.0.new.tokenServiceURLType,message.attributes.0.new.clientId,message.attributes.0.new.sourceSystemId,message.attributes.0.new.tokenServiceURL,message.attributes.0.new.sourceSystemId.CPI,message.attributes.0.new.clientSecret,message.attributes.0.new.sourceSystemId.APIManagement,message.attributes.0.new.sourceSystemId.sap.build,message.attributes.0.new.metadata.templateId,message.attributes.1.old.tokenServiceURLType,message.attributes.1.old.metadata.templateId,message.attributes.1.old.clientId,message.attributes.1.old.tokenServiceURL,message.attributes.1.old.clientSecret,message.attributes.1.new.tokenServiceURLType,message.attributes.1.new.metadata.templateId,message.attributes.1.new.clientId,message.attributes.1.new.tokenServiceURL,message.attributes.1.new.clientSecret,message.attributes.1.old.sourceSystemId,message.attributes.1.old.sourceSystemId.CPI,message.attributes.1.old.sourceSystemId.APIManagement,message.attributes.1.old.sourceSystemId.sap.build,message.attributes.1.new.sourceSystemId,message.attributes.1.new.sourceSystemId.CPI,message.attributes.1.new.sourceSystemId.APIManagement,message.attributes.1.new.sourceSystemId.sap.build,message.attributes.0.old.tokenServiceURLType,message.attributes.0.old.metadata.creation_time,message.attributes.0.old.metadata.spii_metadata,message.attributes.0.old.metadata.etag,message.attributes.0.old.metadata.userAgent,message.attributes.0.old.metadata.encryption,message.attributes.0.old.metadata.modification_time,message.attributes.0.old.Owner.SubaccountId,message.attributes.0.old.Owner.InstanceId,message.attributes.0.old.Description,message.attributes.0.old.clientId,message.attributes.0.old.sourceSystemId,message.attributes.0.old.$uc_ds_clientProvidedMetadata.shared_with_subscriber,message.attributes.0.old.tokenServiceURL,message.attributes.0.old.sourceSystemId.CPI,message.attributes.0.old.URL,message.attributes.0.old.Name,message.attributes.0.old.Type,message.attributes.0.old.Authentication,message.attributes.0.old.clientSecret,message.attributes.0.old.sourceSystemId.APIManagement,message.attributes.0.old.ProxyType,message.attributes.0.old.sourceSystemId.sap.build,message.attributes.0.new.metadata.creation_time,message.attributes.0.new.metadata.spii_metadata,message.attributes.0.new.metadata.etag,message.attributes.0.new.metadata.encryption,message.attributes.0.new.metadata.modification_time,message.attributes.0.new.$uc_ds_clientProvidedMetadata.shared_with_subscriber,message.attributes.2.old,message.attributes.5.old,message.attributes.5.new,message.attributes.6.old,message.attributes.6.new,message.attributes.0.new.metadata.CertificateAutomaticRenew,message.attributes.0.new.metadata.CertificateValidityTimeUnit,message.attributes.0.new.metadata.CertificateValidityValue,message.attributes.0.new.sap-joule-studio-mcp-server,message.attributes.0.new.KeyStoreLocation,message.ip,message.data.action,message.data.objectType,message.data.objectId,message.data.attributes.runtime ID,message.data.correlation_id,message.data.event_code,message.data.originatingUserName
4c51f75f-3a76-4484-914c-ee4eae85b669,2026-07-04T12:20:32.680Z,baae3a89-81f6-4b4a-a216-7cbaedcc401c,919b493d-3272-406b-8409-9e2c37a6e197,84c7ec6d-d9ae-4d14-9ced-2189657fbdd5,undefined,6c410a91-aa3c-4c30-8051-a767925e0de1,basiser@163.com,audit.configuration,,4c51f75f-3a76-4484-914c-ee4eae85b669,basiser@163.com,2026-07-04T12:20:32.680177274Z,603c64a5-c5d4-4de8-919f-f8bd5af43b18,True,UPDATE,com.sap.core.commercial.service.registry.audit.RootSubscritpionCustomAuditingEntityListener$RootSubscriptionAuditLog,com.sap.core.commercial.service.registry.audit.RootSubscritpionCustomAuditingEntityListener$RootSubscriptionAuditLog,,15230925,sap-identity-services-onboarding!t6878_baae3a89-81f6-4b4a-a216-7cbaedcc401c_sap-identity-services-onboarding!t6878,8993341c-c7d7-4554-a826-25756b52500e,sap-identity-services-onboarding!t6878,sap-identity-services-onboarding!t6878,sap-identity-services-onboarding,baae3a89-81f6-4b4a-a216-7cbaedcc401c,baae3a89-81f6-4b4a-a216-7cbaedcc401c,8b97091f-3e40-4bc2-a842-d066528e784f,8b14fc54trial,b5bb3c03-f42c-4712-8848-ca0cb3169076,default,1,IN_PROCESS,CONSUMER,END,audit.configuration,baae3a89-81f6-4b4a-a216-7cbaedcc401c,,,,,,,,,,,,,,,,,,,,,,,,,,,,,,,,,,,,,,,,,,,,,,,,,,,,,,,,,,,,,,,,,,,,,,,,,,,,,,,,,,,,,,,,,,,,,,,,,,,,,,,,,,,,,,,,,,,,,,,,,,,,,,,,,,,,,,,,,,,,,,,,,,,,,,,,,,,,,,,,,,,,,,,,,,,,,,,,,,,,,,,,,,,,,,,,,,,,,,,,,,,,,,,,,,,,,,,,,,,,,,,,,,,,,,,,,,,,,,,,,,,,,,,,,,,,,,,,,,,,,,,,,,,,,,,,,,,,,,,,,,,,,,,,,,,,,,,,,,,,,,,,,,,,,,,,,,,,,,,,,,,,,,,,,,,,,,,,,,,,,,,,,,,,,,,,,,,,,,,,,,,,,,,,,,,,,,,,,,,,,,,,,,,,,,,,,,,,,,,,,,,,,,,,,,,,,,,,,,,,,,,,,,,,,,,,,,,,,,,,
c92d0e8c-a0b9-42ec-868e-9112640a29ef,2026-07-04T12:20:32.680Z,baae3a89-81f6-4b4a-a216-7cbaedcc401c,919b493d-3272-406b-8409-9e2c37a6e197,84c7ec6d-d9ae-4d14-9ced-2189657fbdd5,undefined,6c410a91-aa3c-4c30-8051-a767925e0de1,basiser@163.com,audit.configuration,,c92d0e8c-a0b9-42ec-868e-9112640a29ef,basiser@163.com,2026-07-04T12:20:32.680160104Z,4dec5112-21d1-4322-ae39-9d494c2c2ffa,True,CREATE,com.sap.core.commercial.service.registry.audit.RootSubscritpionCustomAuditingEntityListener$RootSubscriptionAuditLog,com.sap.core.commercial.service.registry.audit.RootSubscritpionCustomAuditingEntityListener$RootSubscriptionAuditLog,,15230925,sap-identity-services-onboarding!t6878_baae3a89-81f6-4b4a-a216-7cbaedcc401c_sap-identity-services-onboarding!t6878,8993341c-c7d7-4554-a826-25756b52500e,sap-identity-services-onboarding!t6878,sap-identity-services-onboarding!t6878,sap-identity-services-onboarding,baae3a89-81f6-4b4a-a216-7cbaedcc401c,baae3a89-81f6-4b4a-a216-7cbaedcc401c,8b97091f-3e40-4bc2-a842-d066528e784f,8b14fc54trial,b5bb3c03-f42c-4712-8848-ca0cb3169076,default,1,IN_PROCESS,CONSUMER,END,audit.configuration,baae3a89-81f6-4b4a-a216-7cbaedcc401c,,,,,,,,,,,,,,,,,,,,,,,,,,,,,,,,,,,,,,,,,,,,,,,,,,,,,,,,,,,,,,,,,,,,,,,,,,,,,,,,,,,,,,,,,,,,,,,,,,,,,,,,,,,,,,,,,,,,,,,,,,,,,,,,,,,,,,,,,,,,,,,,,,,,,,,,,,,,,,,,,,,,,,,,,,,,,,,,,,,,,,,,,,,,,,,,,,,,,,,,,,,,,,,,,,,,,,,,,,,,,,,,,,,,,,,,,,,,,,,,,,,,,,,,,,,,,,,,,,,,,,,,,,,,,,,,,,,,,,,,,,,,,,,,,,,,,,,,,,,,,,,,,,,,,,,,,,,,,,,,,,,,,,,,,,,,,,,,,,,,,,,,,,,,,,,,,,,,,,,,,,,,,,,,,,,,,,,,,,,,,,,,,,,,,,,,,,,,,,,,,,,,,,,,,,,,,,,,,,,,,,,,,,,,,,,,,,,,,,,,
58665e1e-06af-49fd-b5cb-a42fda786c7e,2026-07-04T12:21:41.274Z,baae3a89-81f6-4b4a-a216-7cbaedcc401c,919b493d-3272-406b-8409-9e2c37a6e197,84c7ec6d-d9ae-4d14-9ced-2189657fbdd5,undefined,6c410a91-aa3c-4c30-8051-a767925e0de1,basiser@163.com,audit.configuration,,58665e1e-06af-49fd-b5cb-a42fda786c7e,basiser@163.com,2026-07-04T12:21:41.274112995Z,9f9b31c5-4601-488d-8a30-0193be1b3579,True,UPDATE,com.sap.core.commercial.service.registry.audit.RootSubscritpionCustomAuditingEntityListener$RootSubscriptionAuditLog,com.sap.core.commercial.service.registry.audit.RootSubscritpionCustomAuditingEntityListener$RootSubscriptionAuditLog,,15230925,sap-identity-services-onboarding!t6878_baae3a89-81f6-4b4a-a216-7cbaedcc401c_sap-identity-services-onboarding!t6878,8993341c-c7d7-4554-a826-25756b52500e,sap-identity-services-onboarding!t6878,sap-identity-services-onboarding!t6878,sap-identity-services-onboarding,baae3a89-81f6-4b4a-a216-7cbaedcc401c,baae3a89-81f6-4b4a-a216-7cbaedcc401c,8b97091f-3e40-4bc2-a842-d066528e784f,8b14fc54trial,b5bb3c03-f42c-4712-8848-ca0cb3169076,default,1,IN_PROCESS,CONSUMER,END,audit.configuration,baae3a89-81f6-4b4a-a216-7cbaedcc401c,https://a1au6s3sc.trial-accounts.ondemand.com/admin,,,,,,,,,,,,,,,,,,,,,,,,,,,,,,,,,,,,,,,,,,,,,,,,,,,,,,,,,,,,,,,,,,,,,,,,,,,,,,,,,,,,,,,,,,,,,,,,,,,,,,,,,,,,,,,,,,,,,,,,,,,,,,,,,,,,,,,,,,,,,,,,,,,,,,,,,,,,,,,,,,,,,,,,,,,,,,,,,,,,,,,,,,,,,,,,,,,,,,,,,,,,,,,,,,,,,,,,,,,,,,,,,,,,,,,,,,,,,,,,,,,,,,,,,,,,,,,,,,,,,,,,,,,,,,,,,,,,,,,,,,,,,,,,,,,,,,,,,,,,,,,,,,,,,,,,,,,,,,,,,,,,,,,,,,,,,,,,,,,,,,,,,,,,,,,,,,,,,,,,,,,,,,,,,,,,,,,,,,,,,,,,,,,,,,,,,,,,,,,,,,,,,,,,,,,,,,,,,,,,,,,,,,,,,,,,,,,,,,,
faa4d209-b3a5-45c9-bada-c07970af11c0,2026-07-04T12:21:41.986Z,baae3a89-81f6-4b4a-a216-7cbaedcc401c,919b493d-3272-406b-8409-9e2c37a6e197,84c7ec6d-d9ae-4d14-9ced-2189657fbdd5,undefined,6c410a91-aa3c-4c30-8051-a767925e0de1,basiser@163.com,audit.configuration,,faa4d209-b3a5-45c9-bada-c07970af11c0,basiser@163.com,2026-07-04T12:21:41.986627752Z,07ef6e76-ad79-4c19-a983-e6ce2de1d0b6,True,UPDATE,com.sap.core.commercial.service.registry.audit.RootSubscritpionCustomAuditingEntityListener$RootSubscriptionAuditLog,com.sap.core.commercial.service.registry.audit.RootSubscritpionCustomAuditingEntityListener$RootSubscriptionAuditLog,,15230925,sap-identity-services-onboarding!t6878_baae3a89-81f6-4b4a-a216-7cbaedcc401c_sap-identity-services-onboarding!t6878,8993341c-c7d7-4554-a826-25756b52500e,sap-identity-services-onboarding!t6878,sap-identity-services-onboarding!t6878,sap-identity-services-onboarding,baae3a89-81f6-4b4a-a216-7cbaedcc401c,baae3a89-81f6-4b4a-a216-7cbaedcc401c,8b97091f-3e40-4bc2-a842-d066528e784f,8b14fc54trial,b5bb3c03-f42c-4712-8848-ca0cb3169076,default,1,SUBSCRIBED,CONSUMER,END,audit.configuration,baae3a89-81f6-4b4a-a216-7cbaedcc401c,https://a1au6s3sc.trial-accounts.ondemand.com/admin,,,,,,,,,,,,,,,,,,,,,,,,,,,,,,,,,,,,,,,,,,,,,,,,,,,,,,,,,,,,,,,,,,,,,,,,,,,,,,,,,,,,,,,,,,,,,,,,,,,,,,,,,,,,,,,,,,,,,,,,,,,,,,,,,,,,,,,,,,,,,,,,,,,,,,,,,,,,,,,,,,,,,,,,,,,,,,,,,,,,,,,,,,,,,,,,,,,,,,,,,,,,,,,,,,,,,,,,,,,,,,,,,,,,,,,,,,,,,,,,,,,,,,,,,,,,,,,,,,,,,,,,,,,,,,,,,,,,,,,,,,,,,,,,,,,,,,,,,,,,,,,,,,,,,,,,,,,,,,,,,,,,,,,,,,,,,,,,,,,,,,,,,,,,,,,,,,,,,,,,,,,,,,,,,,,,,,,,,,,,,,,,,,,,,,,,,,,,,,,,,,,,,,,,,,,,,,,,,,,,,,,,,,,,,,,,,,,,,,,
37f5c916-1f3b-4949-bab7-5684d56b6c2f,2026-07-04T12:26:44.645Z,baae3a89-81f6-4b4a-a216-7cbaedcc401c,b47dad21-08b2-41fd-b49e-133635884836,9af3dfd0-664c-42c6-a56f-f8fbd397e040,e899316c-f09d-4fa2-b48d-62b2808b023c,f4b2723d-1383-4dcc-b53a-621a8dcd3737,<username missing>,audit.configuration,,37f5c916-1f3b-4949-bab7-5684d56b6c2f,<username missing>,2026-07-04T12:26:44.645381Z,5fbe7e3b-7122-448a-ba24-0a0489050d78,True,custom platform idp distribution,,add custom platform idp,,,,,,,,,,,,,,,,,END,audit.configuration,baae3a89-81f6-4b4a-a216-7cbaedcc401c,,CREATE,2026-07-04T12:26:44.645381Z,oidc1.0,,a1au6s3sc.trial-accounts.ondemand.com,Identity Authentication tenant a1au6s3sc.trial-accounts.ondemand.com used for platform users,first_name,scope,last_name,email,email,True,True,https://a1au6s3sc.trial-accounts.ondemand.com/oauth2/authorize,https://a1au6s3sc.trial-accounts.ondemand.com/oauth2/token,https://a1au6s3sc.trial-accounts.ondemand.com/oauth2/certs,,https://a1au6s3sc.trial-accounts.ondemand.com/oauth2/userinfo,https://a1au6s3sc.trial-accounts.ondemand.com/oauth2/logout,a1au6s3sc-platform,False,False,False,306ee77d-68d9-4398-ac62-1d07872563f9,openid,email,profile,https://a1au6s3sc.trial-accounts.ondemand.com,code,,True,True,True,,False,False,False,True,False,a1au6s3sc-platform,True,a1au6s3sc-platform,a1au6s3sc.trial-accounts.ondemand.com (platform users),0,1783168004636,1783168004636,True,baae3a89-81f6-4b4a-a216-7cbaedcc401c,,,,,,,,,,,,,,,,,,,,,,,,,,,,,,,,,,,,,,,,,,,,,,,,,,,,,,,,,,,,,,,,,,,,,,,,,,,,,,,,,,,,,,,,,,,,,,,,,,,,,,,,,,,,,,,,,,,,,,,,,,,,,,,,,,,,,,,,,,,,,,,,,,,,,,,,,,,,,,,,,,,,,,,,,,,,,,,,,,,,,,,,,,,,,,,,,,,,,,,,,,,,,,,,,,,,,,,,,,,,,,,,,,,,,,,,,,,,,,,,,,,,,,,,,,,,,,,,,,,,,,,,,,,,,,,,,,,,,,,,,,,,,,,,,,,,,,,,,,,,,,,,,,,,,,,,,,,,,,,,,,,,,,,,,,,,,,,,,,,,,,,,,,,,,,,,,,,,,,,,,,,,,,,,,,,,,,,,,,,,,,,,,,,,,,,
d5f0d727-7b94-449a-860e-265ff6a20a77,2026-07-04T12:27:18.718Z,baae3a89-81f6-4b4a-a216-7cbaedcc401c,b47dad21-08b2-41fd-b49e-133635884836,9af3dfd0-664c-42c6-a56f-f8fbd397e040,e899316c-f09d-4fa2-b48d-62b2808b023c,f4b2723d-1383-4dcc-b53a-621a8dcd3737,user/sap.default/basiser@163.com,audit.configuration,,d5f0d727-7b94-449a-860e-265ff6a20a77,user/sap.default/basiser@163.com,2026-07-04T12:27:18.718485Z,0bf97e29-752e-492f-810e-2ba6bcb48676,True,token keys,,complete,,,,,,,,,,,,,,,,,END,audit.configuration,baae3a89-81f6-4b4a-a216-7cbaedcc401c,,CREATE,2026-07-04T12:27:18.718485Z,,,,,,,,,,,,,,,,,,,,,,,,,,,,,,,,,,,,,,,,,,,,,,,,,sap.default,user/sap.default/basiser@163.com,63254781-3075-4d8a-42ec-9b8ba6215857,-1,-1,False,ADD,default-jwt-key-fb33949b60,sap.default,,,,,,,,,,,,,,,,,,,,,,,,,,,,,,,,,,,,,,,,,,,,,,,,,,,,,,,,,,,,,,,,,,,,,,,,,,,,,,,,,,,,,,,,,,,,,,,,,,,,,,,,,,,,,,,,,,,,,,,,,,,,,,,,,,,,,,,,,,,,,,,,,,,,,,,,,,,,,,,,,,,,,,,,,,,,,,,,,,,,,,,,,,,,,,,,,,,,,,,,,,,,,,,,,,,,,,,,,,,,,,,,,,,,,,,,,,,,,,,,,,,,,,,,,,,,,,,,,,,,,,,,,,,,,,,,,,,,,,,,,,,,,,,,,,,,,,,,,,,,,,,,,,,,,,,,,,,,,,,,,,,,,,,,,,,,,,,,,,,,,,,,,,,,,,,,,,,,,,,,,,,,,,,,,,,,,,,,,,,,
8d486f9c-c8f8-4c18-8839-3a2b1af9167e,2026-07-04T12:27:18.850Z,baae3a89-81f6-4b4a-a216-7cbaedcc401c,b47dad21-08b2-41fd-b49e-133635884836,9af3dfd0-664c-42c6-a56f-f8fbd397e040,e899316c-f09d-4fa2-b48d-62b2808b023c,f4b2723d-1383-4dcc-b53a-621a8dcd3737,user/sap.default/basiser@163.com,audit.configuration,,8d486f9c-c8f8-4c18-8839-3a2b1af9167e,user/sap.default/basiser@163.com,2026-07-04T12:27:18.850549Z,788a7695-24e7-4cf2-9b15-56fd2ff58160,True,xsidentityproviderid2status,,acknowledged,,,,,,,,,,,,,,,,,END,audit.configuration,baae3a89-81f6-4b4a-a216-7cbaedcc401c,,CREATE,2026-07-04T12:27:18.850549Z,,,,,,,,,,,,,,,,,,,,,,,,,,,,,,,,,,,,,,,,,,,,,,,,,sap.default,8d8d620a-fd5d-4154-b784-26bf62d12524,63254781-3075-4d8a-42ec-9b8ba6215857,,,,,,sap.default,xsidentityproviderid2status,cc685d58-3a71-4cf2-ac45-2aed9da5e4f4,false,description,org.springframework.jdbc.core.SqlParameterValue@496652dd,operation,create,status,succeeded,,,,,,,,,,,,,,,,,,,,,,,,,,,,,,,,,,,,,,,,,,,,,,,,,,,,,,,,,,,,,,,,,,,,,,,,,,,,,,,,,,,,,,,,,,,,,,,,,,,,,,,,,,,,,,,,,,,,,,,,,,,,,,,,,,,,,,,,,,,,,,,,,,,,,,,,,,,,,,,,,,,,,,,,,,,,,,,,,,,,,,,,,,,,,,,,,,,,,,,,,,,,,,,,,,,,,,,,,,,,,,,,,,,,,,,,,,,,,,,,,,,,,,,,,,,,,,,,,,,,,,,,,,,,,,,,,,,,,,,,,,,,,,,,,,,,,,,,,,,,,,,,,,,,,,,,,,,,,,,,,,,,,,,,,,,,,,,,,,,,,,,,,,,,,,,,,,,,,,,,,,,,,,,,,,,
330666d4-67e8-4abe-9bc5-223487762417,2026-07-04T12:27:18.721Z,baae3a89-81f6-4b4a-a216-7cbaedcc401c,b47dad21-08b2-41fd-b49e-133635884836,9af3dfd0-664c-42c6-a56f-f8fbd397e040,e899316c-f09d-4fa2-b48d-62b2808b023c,f4b2723d-1383-4dcc-b53a-621a8dcd3737,user/sap.default/basiser@163.com,audit.configuration,,330666d4-67e8-4abe-9bc5-223487762417,user/sap.default/basiser@163.com,2026-07-04T12:27:18.721229Z,aa02548d-a15f-4fc5-8c52-97b6f6039d27,True,token keys,,complete,,,,,,,,,,,,,,,,,END,audit.configuration,baae3a89-81f6-4b4a-a216-7cbaedcc401c,,UPDATE,2026-07-04T12:27:18.721229Z,,,,,,,,,,,,,,,,,,,,,,,,,,,,,,,,,,,,,,,,,,,,,,,,,sap.default,user/sap.default/basiser@163.com,63254781-3075-4d8a-42ec-9b8ba6215857,-1,-1,False,,,sap.default,,,,,,,,,,-1,-1,False,False,False,opaque,1783167474623,1783167563079,1790943474504,default-jwt-key-fb33949b60,False,"
",,"
",RS256,False,False,opaque,1783167474623,1783168038720,1790943474504,default-jwt-key-fb33949b60,False,"
",,"
",RS256,,,,,,,,,,,,,,,,,,,,,,,,,,,,,,,,,,,,,,,,,,,,,,,,,,,,,,,,,,,,,,,,,,,,,,,,,,,,,,,,,,,,,,,,,,,,,,,,,,,,,,,,,,,,,,,,,,,,,,,,,,,,,,,,,,,,,,,,,,,,,,,,,,,,,,,,,,,,,,,,,,,,,,,,,,,,,,,,,,,,,,,,,,,,,,,,,,,,,,,,,,,,,,,,,,,,,,,,,,,,,,,,,,,,,,,,,,,,,,,,,,,,,,,,,,,,,,,,,,,,,,,,,,,,,,,,,,,,,,,,,,,,,,,,,,,,,,,,,,,,,,,,,,,,,,,,,,,,,,,,,,,,,,,,,,,,,,,,,,,,,,,,
6daf7d00-df7f-45ac-9170-7c0dc802376f,2026-07-04T12:27:18.838Z,baae3a89-81f6-4b4a-a216-7cbaedcc401c,b47dad21-08b2-41fd-b49e-133635884836,9af3dfd0-664c-42c6-a56f-f8fbd397e040,e899316c-f09d-4fa2-b48d-62b2808b023c,f4b2723d-1383-4dcc-b53a-621a8dcd3737,user/sap.default/basiser@163.com,audit.configuration,,6daf7d00-df7f-45ac-9170-7c0dc802376f,user/sap.default/basiser@163.com,2026-07-04T12:27:18.838573Z,60f83ddd-f994-4209-9f60-59f75c8b69d5,True,xs_tenant,,ias_appid,,,,,,,,,,,,,,,,,END,audit.configuration,baae3a89-81f6-4b4a-a216-7cbaedcc401c,,UPDATE,2026-07-04T12:27:18.838573Z,,,,,,,,,,,,,,,,,,,,,,,,,,,,,,,,,,,,,,,,,,,,,,,,,sap.default,8d8d620a-fd5d-4154-b784-26bf62d12524,63254781-3075-4d8a-42ec-9b8ba6215857,,,,,,sap.default,xs_tenant,,58fdcf42-1130-40b3-9e7c-1ee2a9d908b2,account_type,subaccount,cost_center_id,,description,dev,,,,,,,,,,,,,,,,,,,,,,,,,,,,baae3a89-81f6-4b4a-a216-7cbaedcc401c,subaccount,dev,active,true,true,signing_keys,default-jwt-key-fb33949b60,default-jwt-key-fb33949b60,key_expiry,num_keys,sapManagedType,sapIdServiceTenantAdminUserId,basiser@163.com,basiser@163.com,default_idp,sap.default,sap.default,licenseType,TRIAL,TRIAL,crm_id,tenant_configuration,True,,,,True,True,True,False,True,,,,True,True,True,False,ias_tenant,a1au6s3sc.trial-accounts.ondemand.com,subdomain,8b14fc54trial,8b14fc54trial,global_account,b5bb3c03-f42c-4712-8848-ca0cb3169076,b5bb3c03-f42c-4712-8848-ca0cb3169076,iframedomains,,,subaccount_id,baae3a89-81f6-4b4a-a216-7cbaedcc401c,baae3a89-81f6-4b4a-a216-7cbaedcc401c,config,"{""clientSecretPolicy"":{""minLength"":-1,""maxLength"":-1,""requireUpperCaseCharacter"":-1,""requireLowerCaseCharacter"":-1,""requireDigit"":-1,""requireSpecialCharacter"":-1},""tokenPolicy"":{""accessTokenValidity"":-1,""refreshTokenValidity"":-1,""jwtRevocable"":false,""refreshTokenUnique"":false,""refreshTokenRotate"":false,""refreshTokenFormat"":""opaque"",""jwtTokenTimestamps"":{""default-jwt-key-fb33949b60"":{""creationTimestamp"":1783167474623,""lastModifiedTimestamp"":1783167563079,""expiresAtTimestamp"":1790943474504}},""activeKeyId"":""default-jwt-key-fb33949b60"",""encrypted"":false},""samlConfig"":{""requestSigned"":true,""wantAssertionSigned"":true,""activeKeyId"":""default-saml-key-03773f8b1b"",""keys"":{""default-saml-key-03773f8b1b"":{""key"":""\n"",,""certificate"":""\n""}},""entityID"":""https://8b14fc54trial.authentication.us10.hana.ondemand.com"",""disableInResponseToCheck"":false},""corsPolicy"":{""xhrConfiguration"":{""allowedOrigins"":["".*""],""allowedOriginPatterns"":[],""allowedUris"":["".*""],""allowedUriPatterns"":[],""allowedHeaders"":[""Accept"",""Authorization"",""Content-Type""],""allowedMethods"":[""GET""],""allowedCredentials"":false,""maxAge"":1728000},""defaultConfiguration"":{""allowedOrigins"":["".*""],""allowedOriginPatterns"":[],""allowedUris"":["".*""],""allowedUriPatterns"":[],""allowedHeaders"":[""Accept"",""Authorization"",""Content-Type""],""allowedMethods"":[""GET""],""allowedCredentials"":false,""maxAge"":1728000}},""links"":{""logout"":{""redirectUrl"":""/login"",""redirectParameterName"":""redirect"",""disableRedirectParameter"":false,""whitelist"":null},""selfService"":{""selfServiceLinksEnabled"":false,""signup"":null,""passwd"":null}},""prompts"":[{""name"":""username"",""type"":""text"",""text"":""Email""},{""name"":""password"",""type"":""password"",""text"":""Password""},{""name"":""passcode"",""type"":""password"",""text"":""Temporary Authentication Code (Get on at /passcode)""}],""idpDiscoveryEnabled"":false,""accountChooserEnabled"":false,""userConfig"":{""defaultGroups"":[""openid"",""uaa.user"",""user_attributes""],""maxUsers"":-1,""checkOriginEnabled"":false,""allowOriginLoop"":true},""issuer"":""https://8b14fc54trial.authentication.us10.hana.ondemand.com"",""defaultIdentityProvider"":""sap.default""}","{""clientSecretPolicy"":{""minLength"":-1,""maxLength"":-1,""requireUpperCaseCharacter"":-1,""requireLowerCaseCharacter"":-1,""requireDigit"":-1,""requireSpecialCharacter"":-1},""tokenPolicy"":{""accessTokenValidity"":-1,""refreshTokenValidity"":-1,""jwtRevocable"":false,""refreshTokenUnique"":false,""refreshTokenRotate"":false,""refreshTokenFormat"":""opaque"",""jwtTokenTimestamps"":{""default-jwt-key-fb33949b60"":{""creationTimestamp"":1783167474623,""lastModifiedTimestamp"":1783168038720,""expiresAtTimestamp"":1790943474504}},""activeKeyId"":""default-jwt-key-fb33949b60"",""encrypted"":false},""samlConfig"":{""requestSigned"":true,""wantAssertionSigned"":true,""activeKeyId"":""default-saml-key-03773f8b1b"",""keys"":{""default-saml-key-03773f8b1b"":{""key"":""\n"",,""certificate"":""\n""}},""entityID"":""https://8b14fc54trial.authentication.us10.hana.ondemand.com"",""disableInResponseToCheck"":false},""corsPolicy"":{""xhrConfiguration"":{""allowedOrigins"":["".*""],""allowedOriginPatterns"":[],""allowedUris"":["".*""],""allowedUriPatterns"":[],""allowedHeaders"":[""Accept"",""Authorization"",""Content-Type""],""allowedMethods"":[""GET""],""allowedCredentials"":false,""maxAge"":1728000},""defaultConfiguration"":{""allowedOrigins"":["".*""],""allowedOriginPatterns"":[],""allowedUris"":["".*""],""allowedUriPatterns"":[],""allowedHeaders"":[""Accept"",""Authorization"",""Content-Type""],""allowedMethods"":[""GET""],""allowedCredentials"":false,""maxAge"":1728000}},""links"":{""logout"":{""redirectUrl"":""/login"",""redirectParameterName"":""redirect"",""disableRedirectParameter"":false,""whitelist"":null},""selfService"":{""selfServiceLinksEnabled"":false,""signup"":null,""passwd"":null}},""prompts"":[{""name"":""username"",""type"":""text"",""text"":""Email""},{""name"":""password"",""type"":""password"",""text"":""Password""},{""name"":""passcode"",""type"":""password"",""text"":""Temporary Authentication Code (Get on at /passcode)""}],""idpDiscoveryEnabled"":false,""accountChooserEnabled"":false,""userConfig"":{""defaultGroups"":[""openid"",""uaa.user"",""user_attributes""],""maxUsers"":-1,""checkOriginEnabled"":false,""allowOriginLoop"":true},""issuer"":""https://8b14fc54trial.authentication.us10.hana.ondemand.com"",""defaultIdentityProvider"":""sap.default""}",,,,,,,,,,,,,,,,,,,,,,,,,,,,,,,,,,,,,,,,,,,,,,,,,,,,,,,,,,,,,,,,,,,,,,,,,,,,,,,,,,,,,,,,,,,,,,,,,,,,,,,,,,,,,,,,,,,,,,,,,,,,,,,,,,,,,,,,,,,,,,,,,,,,,,,,,,,,,,,,,,,,,,,,,,,,,,,,,,,,,,,,,,,,,,,,,,,,,,,,,,,,,,,,,,,,,,,,,,,,,,,,,,,,,,,,,,,,,,,,,,,,,,,,,,,,,,,,,,,,,,,,,,,,,,,,,,,,,,,,,,,,,,,,
1a4e797e-c44c-4d5e-b099-65dfe7677bdd,2026-07-04T12:27:18.853Z,baae3a89-81f6-4b4a-a216-7cbaedcc401c,b47dad21-08b2-41fd-b49e-133635884836,9af3dfd0-664c-42c6-a56f-f8fbd397e040,e899316c-f09d-4fa2-b48d-62b2808b023c,f4b2723d-1383-4dcc-b53a-621a8dcd3737,user/sap.default/basiser@163.com,audit.configuration,,1a4e797e-c44c-4d5e-b099-65dfe7677bdd,user/sap.default/basiser@163.com,2026-07-04T12:27:18.853545Z,386722dc-e734-4454-926e-f37ec5561e57,True,IdentityProvider,,complete,,cc685d58-3a71-4cf2-ac45-2aed9da5e4f4,,,,,,,,,,,,,,,END,audit.configuration,baae3a89-81f6-4b4a-a216-7cbaedcc401c,,CREATE,2026-07-04T12:27:18.853545Z,oidc1.0,,,Identity Authentication tenant a1au6s3sc.trial-accounts.ondemand.com used for business users,,,,,,True,True,,,,,,,a1au6s3sc.trial-accounts.ondemand.com,True,False,False,f7ff55fe-56ff-41c5-8dc9-72919436fb7e,openid,email,profile,https://a1au6s3sc.trial-accounts.ondemand.com,code,,True,True,True,https://a1au6s3sc.trial-accounts.ondemand.com/.well-known/openid-configuration,True,True,False,False,True,,False,sap.custom,a1au6s3sc.trial-accounts.ondemand.com (business users),0,1783168038840,1783168038840,True,baae3a89-81f6-4b4a-a216-7cbaedcc401c,,,sap.default,user/sap.default/basiser@163.com,63254781-3075-4d8a-42ec-9b8ba6215857,,,,,,sap.default,,,,,,,,,,,,,,,,,,,,,,,,,,,,,,,,,,,,,,,,,,,,,,,,,,,,,,,,,,,,,,,,,,,,,,,,,,,,,,,,,,,,,,,,,,,,,,groups,iss,user_uuid,True,False,a1au6s3sc.trial-accounts.ondemand.com,https://a1au6s3sc.trial-accounts.ondemand.com/admin/#/applications/58fdcf42-1130-40b3-9e7c-1ee2a9d908b2,SAP IAS,,,,,,,,,,,,,,,,,,,,,,,,,,,,,,,,,,,,,,,,,,,,,,,,,,,,,,,,,,,,,,,,,,,,,,,,,,,,,,,,,,,,,,,,,,,,,,,,,,,,,,,,,,,,,,,,,,,,,,,,,,,,,,,,,,,,,,,,,,,,,,,,,,,,,,,,,,,,,,,,,,,,,,,,,,,,,,,,,,,,,,,,,,,,,,,,,,,,,,,,,,,,,,,,,,,,,,,,,,,,,,,,,,,,,,,,,,,,,,,,,,,,,,,,,,,,,,,,,,,,,,,,,,,,,,,,,,,,,,,
ee3136eb-170e-47d0-9591-2e6e9087a884,2026-07-04T12:28:02.568Z,baae3a89-81f6-4b4a-a216-7cbaedcc401c,919b493d-3272-406b-8409-9e2c37a6e197,84c7ec6d-d9ae-4d14-9ced-2189657fbdd5,undefined,6c410a91-aa3c-4c30-8051-a767925e0de1,basiser@163.com,audit.configuration,,ee3136eb-170e-47d0-9591-2e6e9087a884,basiser@163.com,2026-07-04T12:28:02.568125501Z,b6cfc511-95e2-4711-b864-d1edba933455,True,CREATE,com.sap.core.commercial.service.registry.audit.RootSubscritpionCustomAuditingEntityListener$RootSubscriptionAuditLog,com.sap.core.commercial.service.registry.audit.RootSubscritpionCustomAuditingEntityListener$RootSubscriptionAuditLog,,15230969,procode-manager-prod-us10!t208409_baae3a89-81f6-4b4a-a216-7cbaedcc401c_procode-manager-prod-us10!t208409,5e9cf2ce-e4c0-437f-aee5-c87c8c8bef2d,procode-manager-prod-us10!t208409,procode-manager-prod-us10!t208409,build-code,baae3a89-81f6-4b4a-a216-7cbaedcc401c,baae3a89-81f6-4b4a-a216-7cbaedcc401c,ed2a4d6f-224f-4475-b43d-0eb8684a4b4c,8b14fc54trial,b5bb3c03-f42c-4712-8848-ca0cb3169076,free,1,IN_PROCESS,CONSUMER,END,audit.configuration,baae3a89-81f6-4b4a-a216-7cbaedcc401c,,,,,,,,,,,,,,,,,,,,,,,,,,,,,,,,,,,,,,,,,,,,,,,,,,,,,,,,,,,,,,,,,,,,,,,,,,,,,,,,,,,,,,,,,,,,,,,,,,,,,,,,,,,,,,,,,,,,,,,,,,,,,,,,,,,,,,,,,,,,,,,,,,,,,,,,,,,,,,,,,,,,,,,,,,,,,,,,,,,,,,,,,,,,,,,,,,,,,,,,,,,,,,,,,,,,,,,,,,,,,,,,,,,,,,,,,,,,,,,,,,,,,,,,,,,,,,,,,,,,,,,,,,,,,,,,,,,,,,,,,,,,,,,,,,,,,,,,,,,,,,,,,,,,,,,,,,,,,,,,,,,,,,,,,,,,,,,,,,,,,,,,,,,,,,,,,,,,,,,,,,,,,,,,,,,,,,,,,,,,,,,,,,,,,,,,,,,,,,,,,,,,,,,,,,,,,,,,,,,,,,,,,,,,,,,,,,,,,,,,
354cfb3f-5a0c-4c24-b28d-58c369ccef17,2026-07-04T12:28:02.568Z,baae3a89-81f6-4b4a-a216-7cbaedcc401c,919b493d-3272-406b-8409-9e2c37a6e197,84c7ec6d-d9ae-4d14-9ced-2189657fbdd5,undefined,6c410a91-aa3c-4c30-8051-a767925e0de1,basiser@163.com,audit.configuration,,354cfb3f-5a0c-4c24-b28d-58c369ccef17,basiser@163.com,2026-07-04T12:28:02.568129251Z,65b30ed1-31b8-4829-baa7-76b8d1687d64,True,UPDATE,com.sap.core.commercial.service.registry.audit.RootSubscritpionCustomAuditingEntityListener$RootSubscriptionAuditLog,com.sap.core.commercial.service.registry.audit.RootSubscritpionCustomAuditingEntityListener$RootSubscriptionAuditLog,,15230969,procode-manager-prod-us10!t208409_baae3a89-81f6-4b4a-a216-7cbaedcc401c_procode-manager-prod-us10!t208409,5e9cf2ce-e4c0-437f-aee5-c87c8c8bef2d,procode-manager-prod-us10!t208409,procode-manager-prod-us10!t208409,build-code,baae3a89-81f6-4b4a-a216-7cbaedcc401c,baae3a89-81f6-4b4a-a216-7cbaedcc401c,ed2a4d6f-224f-4475-b43d-0eb8684a4b4c,8b14fc54trial,b5bb3c03-f42c-4712-8848-ca0cb3169076,free,1,IN_PROCESS,CONSUMER,END,audit.configuration,baae3a89-81f6-4b4a-a216-7cbaedcc401c,,,,,,,,,,,,,,,,,,,,,,,,,,,,,,,,,,,,,,,,,,,,,,,,,,,,,,,,,,,,,,,,,,,,,,,,,,,,,,,,,,,,,,,,,,,,,,,,,,,,,,,,,,,,,,,,,,,,,,,,,,,,,,,,,,,,,,,,,,,,,,,,,,,,,,,,,,,,,,,,,,,,,,,,,,,,,,,,,,,,,,,,,,,,,,,,,,,,,,,,,,,,,,,,,,,,,,,,,,,,,,,,,,,,,,,,,,,,,,,,,,,,,,,,,,,,,,,,,,,,,,,,,,,,,,,,,,,,,,,,,,,,,,,,,,,,,,,,,,,,,,,,,,,,,,,,,,,,,,,,,,,,,,,,,,,,,,,,,,,,,,,,,,,,,,,,,,,,,,,,,,,,,,,,,,,,,,,,,,,,,,,,,,,,,,,,,,,,,,,,,,,,,,,,,,,,,,,,,,,,,,,,,,,,,,,,,,,,,,,,
e5ede717-94b3-47c1-afdd-2c339451a90b,2026-07-04T12:28:22.723Z,baae3a89-81f6-4b4a-a216-7cbaedcc401c,919b493d-3272-406b-8409-9e2c37a6e197,84c7ec6d-d9ae-4d14-9ced-2189657fbdd5,undefined,6c410a91-aa3c-4c30-8051-a767925e0de1,basiser@163.com,audit.configuration,,e5ede717-94b3-47c1-afdd-2c339451a90b,basiser@163.com,2026-07-04T12:28:22.723562296Z,cc615885-27c9-47e4-8c4b-d45da240cb5d,True,UPDATE,com.sap.core.commercial.service.registry.audit.RootSubscritpionCustomAuditingEntityListener$RootSubscriptionAuditLog,com.sap.core.commercial.service.registry.audit.RootSubscritpionCustomAuditingEntityListener$RootSubscriptionAuditLog,,15230969,procode-manager-prod-us10!t208409_baae3a89-81f6-4b4a-a216-7cbaedcc401c_procode-manager-prod-us10!t208409,5e9cf2ce-e4c0-437f-aee5-c87c8c8bef2d,procode-manager-prod-us10!t208409,procode-manager-prod-us10!t208409,build-code,baae3a89-81f6-4b4a-a216-7cbaedcc401c,baae3a89-81f6-4b4a-a216-7cbaedcc401c,ed2a4d6f-224f-4475-b43d-0eb8684a4b4c,8b14fc54trial,b5bb3c03-f42c-4712-8848-ca0cb3169076,free,1,IN_PROCESS,CONSUMER,END,audit.configuration,baae3a89-81f6-4b4a-a216-7cbaedcc401c,https://8b14fc54trial.us10.build.cloud.sap,,,,,,,,,,,,,,,,,,,,,,,,,,,,,,,,,,,,,,,,,,,,,,,,,,,,,,,,,,,,,,,,,,,,,,,,,,,,,,,,,,,,,,,,,,,,,,,,,,,,,,,,,,,,,,,,,,,,,,,,,,,,,,,,,,,,,,,,,,,,,,,,,,,,,,,,,,,,,,,,,,,,,,,,,,,,,,,,,,,,,,,,,,,,,,,,,,,,,,,,,,,,,,,,,,,,,,,,,,,,,,,,,,,,,,,,,,,,,,,,,,,,,,,,,,,,,,,,,,,,,,,,,,,,,,,,,,,,,,,,,,,,,,,,,,,,,,,,,,,,,,,,,,,,,,,,,,,,,,,,,,,,,,,,,,,,,,,,,,,,,,,,,,,,,,,,,,,,,,,,,,,,,,,,,,,,,,,,,,,,,,,,,,,,,,,,,,,,,,,,,,,,,,,,,,,,,,,,,,,,,,,,,,,,,,,,,,,,,,,
d6bd6045-f277-45cd-9d55-95bf26819843,2026-07-04T12:28:27.856Z,baae3a89-81f6-4b4a-a216-7cbaedcc401c,919b493d-3272-406b-8409-9e2c37a6e197,84c7ec6d-d9ae-4d14-9ced-2189657fbdd5,undefined,6c410a91-aa3c-4c30-8051-a767925e0de1,basiser@163.com,audit.configuration,,d6bd6045-f277-45cd-9d55-95bf26819843,basiser@163.com,2026-07-04T12:28:27.856276629Z,44d85770-58e2-437f-85f0-da4e0144baee,True,CREATE,com.sap.core.commercial.service.registry.audit.RootSubscritpionCustomAuditingEntityListener$RootSubscriptionAuditLog,com.sap.core.commercial.service.registry.audit.RootSubscritpionCustomAuditingEntityListener$RootSubscriptionAuditLog,,15230970,xsuaa!b49390_baae3a89-81f6-4b4a-a216-7cbaedcc401c_xsuaa!b49390,5ab50bea-9daa-4254-b8d7-64365be309fa,xsuaa!b49390,xsuaa!b49390,process-automation,baae3a89-81f6-4b4a-a216-7cbaedcc401c,baae3a89-81f6-4b4a-a216-7cbaedcc401c,c80adfac-67d2-486a-8ff0-ab74e85bdd66,8b14fc54trial,b5bb3c03-f42c-4712-8848-ca0cb3169076,free,1,IN_PROCESS,CONSUMER,END,audit.configuration,baae3a89-81f6-4b4a-a216-7cbaedcc401c,,,,,,,,,,,,,,,,,,,,,,,,,,,,,,,,,,,,,,,,,,,,,,,,,,,,,,,,,,,,,,,,,,,,,,,,,,,,,,,,,,,,,,,,,,,,,,,,,,,,,,,,,,,,,,,,,,,,,,,,,,,,,,,,,,,,,,,,,,,,,,,,,,,,,,,,,,,,,,,,,,,,,,,,,,,,,,,,,,,,,,,,,,,,,,,,,,,,,,,,,,,,,,,,,,,,,,,,,,,,,,,,,,,,,,,,,,,,,,,,,,,,,,,,,,,,,,,,,,,,,,,,,,,,,,,,,,,,,,,,,,,,,,,,,,,,,,,,,,,,,,,,,,,,,,,,,,,,,,,,,,,,,,,,,,,,,,,,,,,,,,,,,,,,,,,,,,,,,,,,,,,,,,,,,,,,,,,,,,,,,,,,,,,,,,,,,,,,,,,,,,,,,,,,,,,,,,,,,,,,,,,,,,,,,,,,,,,,,,,,
9811bf42-5b35-451f-b4ba-54d2ed28c2ea,2026-07-04T12:28:23.194Z,baae3a89-81f6-4b4a-a216-7cbaedcc401c,919b493d-3272-406b-8409-9e2c37a6e197,84c7ec6d-d9ae-4d14-9ced-2189657fbdd5,undefined,6c410a91-aa3c-4c30-8051-a767925e0de1,basiser@163.com,audit.configuration,,9811bf42-5b35-451f-b4ba-54d2ed28c2ea,basiser@163.com,2026-07-04T12:28:23.194431692Z,1396e1a1-14fc-473b-9c3e-f834d63090de,True,UPDATE,com.sap.core.commercial.service.registry.audit.RootSubscritpionCustomAuditingEntityListener$RootSubscriptionAuditLog,com.sap.core.commercial.service.registry.audit.RootSubscritpionCustomAuditingEntityListener$RootSubscriptionAuditLog,,15230969,procode-manager-prod-us10!t208409_baae3a89-81f6-4b4a-a216-7cbaedcc401c_procode-manager-prod-us10!t208409,5e9cf2ce-e4c0-437f-aee5-c87c8c8bef2d,procode-manager-prod-us10!t208409,procode-manager-prod-us10!t208409,build-code,baae3a89-81f6-4b4a-a216-7cbaedcc401c,baae3a89-81f6-4b4a-a216-7cbaedcc401c,ed2a4d6f-224f-4475-b43d-0eb8684a4b4c,8b14fc54trial,b5bb3c03-f42c-4712-8848-ca0cb3169076,free,1,SUBSCRIBED,CONSUMER,END,audit.configuration,baae3a89-81f6-4b4a-a216-7cbaedcc401c,https://8b14fc54trial.us10.build.cloud.sap,,,,,,,,,,,,,,,,,,,,,,,,,,,,,,,,,,,,,,,,,,,,,,,,,,,,,,,,,,,,,,,,,,,,,,,,,,,,,,,,,,,,,,,,,,,,,,,,,,,,,,,,,,,,,,,,,,,,,,,,,,,,,,,,,,,,,,,,,,,,,,,,,,,,,,,,,,,,,,,,,,,,,,,,,,,,,,,,,,,,,,,,,,,,,,,,,,,,,,,,,,,,,,,,,,,,,,,,,,,,,,,,,,,,,,,,,,,,,,,,,,,,,,,,,,,,,,,,,,,,,,,,,,,,,,,,,,,,,,,,,,,,,,,,,,,,,,,,,,,,,,,,,,,,,,,,,,,,,,,,,,,,,,,,,,,,,,,,,,,,,,,,,,,,,,,,,,,,,,,,,,,,,,,,,,,,,,,,,,,,,,,,,,,,,,,,,,,,,,,,,,,,,,,,,,,,,,,,,,,,,,,,,,,,,,,,,,,,,,,
99e7e1b6-efea-46a7-b236-4359f2a0ba52,2026-07-04T12:28:27.856Z,baae3a89-81f6-4b4a-a216-7cbaedcc401c,919b493d-3272-406b-8409-9e2c37a6e197,84c7ec6d-d9ae-4d14-9ced-2189657fbdd5,undefined,6c410a91-aa3c-4c30-8051-a767925e0de1,basiser@163.com,audit.configuration,,99e7e1b6-efea-46a7-b236-4359f2a0ba52,basiser@163.com,2026-07-04T12:28:27.856297729Z,e20beb59-7425-4e24-ac2a-d5104288cf55,True,UPDATE,com.sap.core.commercial.service.registry.audit.RootSubscritpionCustomAuditingEntityListener$RootSubscriptionAuditLog,com.sap.core.commercial.service.registry.audit.RootSubscritpionCustomAuditingEntityListener$RootSubscriptionAuditLog,,15230970,xsuaa!b49390_baae3a89-81f6-4b4a-a216-7cbaedcc401c_xsuaa!b49390,5ab50bea-9daa-4254-b8d7-64365be309fa,xsuaa!b49390,xsuaa!b49390,process-automation,baae3a89-81f6-4b4a-a216-7cbaedcc401c,baae3a89-81f6-4b4a-a216-7cbaedcc401c,c80adfac-67d2-486a-8ff0-ab74e85bdd66,8b14fc54trial,b5bb3c03-f42c-4712-8848-ca0cb3169076,free,1,IN_PROCESS,CONSUMER,END,audit.configuration,baae3a89-81f6-4b4a-a216-7cbaedcc401c,,,,,,,,,,,,,,,,,,,,,,,,,,,,,,,,,,,,,,,,,,,,,,,,,,,,,,,,,,,,,,,,,,,,,,,,,,,,,,,,,,,,,,,,,,,,,,,,,,,,,,,,,,,,,,,,,,,,,,,,,,,,,,,,,,,,,,,,,,,,,,,,,,,,,,,,,,,,,,,,,,,,,,,,,,,,,,,,,,,,,,,,,,,,,,,,,,,,,,,,,,,,,,,,,,,,,,,,,,,,,,,,,,,,,,,,,,,,,,,,,,,,,,,,,,,,,,,,,,,,,,,,,,,,,,,,,,,,,,,,,,,,,,,,,,,,,,,,,,,,,,,,,,,,,,,,,,,,,,,,,,,,,,,,,,,,,,,,,,,,,,,,,,,,,,,,,,,,,,,,,,,,,,,,,,,,,,,,,,,,,,,,,,,,,,,,,,,,,,,,,,,,,,,,,,,,,,,,,,,,,,,,,,,,,,,,,,,,,,,,
00284df6-17aa-4a37-8039-db53aeb1e9f8,2026-07-04T12:28:44.674Z,baae3a89-81f6-4b4a-a216-7cbaedcc401c,919b493d-3272-406b-8409-9e2c37a6e197,84c7ec6d-d9ae-4d14-9ced-2189657fbdd5,undefined,6c410a91-aa3c-4c30-8051-a767925e0de1,basiser@163.com,audit.configuration,,00284df6-17aa-4a37-8039-db53aeb1e9f8,basiser@163.com,2026-07-04T12:28:44.674157846Z,b20be759-0f37-46df-b678-8cd7d371f533,True,CREATE,com.sap.core.commercial.service.registry.audit.RootSubscritpionCustomAuditingEntityListener$RootSubscriptionAuditLog,com.sap.core.commercial.service.registry.audit.RootSubscritpionCustomAuditingEntityListener$RootSubscriptionAuditLog,,15230971,9e5ec7d6-2cda-4ea5-b900-5f709ce6b6bf,,e573fd61-f3ad-4bbb-895d-40848e64dbf6,e573fd61-f3ad-4bbb-895d-40848e64dbf6,SAPLaunchpadSMS,baae3a89-81f6-4b4a-a216-7cbaedcc401c,baae3a89-81f6-4b4a-a216-7cbaedcc401c,9e5ec7d6-2cda-4ea5-b900-5f709ce6b6bf,8b14fc54trial,b5bb3c03-f42c-4712-8848-ca0cb3169076,standard,,IN_PROCESS,system,END,audit.configuration,baae3a89-81f6-4b4a-a216-7cbaedcc401c,,,,,,,,,,,,,,,,,,,,,,,,,,,,,,,,,,,,,,,,,,,,,,,,,,,,,,,,,,,,,,,,,,,,,,,,,,,,,,,,,,,,,,,,,,,,,,,,,,,,,,,,,,,,,,,,,,,,,,,,,,,,,,,,,,,,,,,,,,,,,,,,,,,,,,,,,,,,,,,,,,8e430a0b-a8eb-4bbc-bb97-2458baf9b13e,,,,,,,,,,,,,,,,,,,,,,,,,,,,,,,,,,,,,,,,,,,,,,,,,,,,,,,,,,,,,,,,,,,,,,,,,,,,,,,,,,,,,,,,,,,,,,,,,,,,,,,,,,,,,,,,,,,,,,,,,,,,,,,,,,,,,,,,,,,,,,,,,,,,,,,,,,,,,,,,,,,,,,,,,,,,,,,,,,,,,,,,,,,,,,,,,,,,,,,,,,,,,,,,,,,,,,,,,,,,,,,,,,,,,,,,,,,,,,,,,,,,,,,,,,,,,,,,,,,,,,,,,,,,,,,,,,,,,,
be4a91a8-1360-4dc7-b5fc-cfe6a5334c6f,2026-07-04T12:28:44.674Z,baae3a89-81f6-4b4a-a216-7cbaedcc401c,919b493d-3272-406b-8409-9e2c37a6e197,84c7ec6d-d9ae-4d14-9ced-2189657fbdd5,undefined,6c410a91-aa3c-4c30-8051-a767925e0de1,basiser@163.com,audit.configuration,,be4a91a8-1360-4dc7-b5fc-cfe6a5334c6f,basiser@163.com,2026-07-04T12:28:44.674170906Z,d3a3628b-414e-42b8-bcce-d0ba4f59d246,True,UPDATE,com.sap.core.commercial.service.registry.audit.RootSubscritpionCustomAuditingEntityListener$RootSubscriptionAuditLog,com.sap.core.commercial.service.registry.audit.RootSubscritpionCustomAuditingEntityListener$RootSubscriptionAuditLog,,15230971,9e5ec7d6-2cda-4ea5-b900-5f709ce6b6bf,,e573fd61-f3ad-4bbb-895d-40848e64dbf6,e573fd61-f3ad-4bbb-895d-40848e64dbf6,SAPLaunchpadSMS,baae3a89-81f6-4b4a-a216-7cbaedcc401c,baae3a89-81f6-4b4a-a216-7cbaedcc401c,9e5ec7d6-2cda-4ea5-b900-5f709ce6b6bf,8b14fc54trial,b5bb3c03-f42c-4712-8848-ca0cb3169076,standard,,IN_PROCESS,system,END,audit.configuration,baae3a89-81f6-4b4a-a216-7cbaedcc401c,,,,,,,,,,,,,,,,,,,,,,,,,,,,,,,,,,,,,,,,,,,,,,,,,,,,,,,,,,,,,,,,,,,,,,,,,,,,,,,,,,,,,,,,,,,,,,,,,,,,,,,,,,,,,,,,,,,,,,,,,,,,,,,,,,,,,,,,,,,,,,,,,,,,,,,,,,,,,,,,,,8e430a0b-a8eb-4bbc-bb97-2458baf9b13e,,,,,,,,,,,,,,,,,,,,,,,,,,,,,,,,,,,,,,,,,,,,,,,,,,,,,,,,,,,,,,,,,,,,,,,,,,,,,,,,,,,,,,,,,,,,,,,,,,,,,,,,,,,,,,,,,,,,,,,,,,,,,,,,,,,,,,,,,,,,,,,,,,,,,,,,,,,,,,,,,,,,,,,,,,,,,,,,,,,,,,,,,,,,,,,,,,,,,,,,,,,,,,,,,,,,,,,,,,,,,,,,,,,,,,,,,,,,,,,,,,,,,,,,,,,,,,,,,,,,,,,,,,,,,,,,,,,,,,
848B61ED7F6373C8F1AEDB6B991D35C1,2026-07-04T12:29:08.684Z,baae3a89-81f6-4b4a-a216-7cbaedcc401c,c3b88aea-f2a5-4608-85c8-ae41e7049cc7,3edd9dff-677b-4171-aeee-829ef92593a0,,da357e3b-0706-4f3f-adb1-82f19c73bd6b,n/a,audit.configuration,,848B61ED7F6373C8F1AEDB6B991D35C1,n/a,2026-07-04T12:29:08.684Z,f5a6166e-3e06-4445-8de3-c7ee77fb6cc2,True,Mobile.Subscription,,instance,null,,,,,,,,,,,,,,,,,audit.configuration,baae3a89-81f6-4b4a-a216-7cbaedcc401c,,,,,,,,,,,,,,,,,,,,,,,,,,,,,,,,,,,,,,,,,,,,,,,,,,,,,,,,,,,,,,,"Mobile.Subscription(tenantId='baae3a89-81f6-4b4a-a216-7cbaedcc401c',serviceInstanceId='15decff8-c0e4-4f02-9220-c971ce0f0703')",,,,,,,,,,,,,,,,,,,,,,,,,,,,,,,,,,,,,,,,,,,,,,,,,,,,,,,,,,,,,,,,,,,,,,,,,,,,,,,,,,,,,,,,,,,,,,,,,,,,baae3a89-81f6-4b4a-a216-7cbaedcc401c,mobile-approuter-config,,,,,,,,,,,,,,,,,,,,,,,,,,,,,,,,,,,,,,,,,,,,,,,,,,,,,,,,,,,,,,,,,,,,,,,,,,,,,,,,,,,,,,,,,,,,,,,,,,,,,,,,,,,,,,,,,,,,,,,,,,,,,,,,,,,,,,,,,,,,,,,,,,,,,,,,,,,,,,,,,,,,,,,,,,,,,,,,,,,,,,,,,,,,,,,,,,,,,,,,,,,,,,,,,,,,,,,,,,,,,,,,,,,,,,,,,,,,,,,,,,,,,,,,,,,,,,,,,,,,,,,,,,,,,,,,,,,,
5ba0798b-c24a-4d27-aab2-fd2b475b2040,2026-07-04T12:29:06.432Z,baae3a89-81f6-4b4a-a216-7cbaedcc401c,919b493d-3272-406b-8409-9e2c37a6e197,84c7ec6d-d9ae-4d14-9ced-2189657fbdd5,undefined,6c410a91-aa3c-4c30-8051-a767925e0de1,basiser@163.com,audit.configuration,,5ba0798b-c24a-4d27-aab2-fd2b475b2040,basiser@163.com,2026-07-04T12:29:06.432524541Z,0b0f1a13-7b00-431d-a184-a20958d502a6,True,UPDATE,com.sap.core.commercial.service.registry.audit.RootSubscritpionCustomAuditingEntityListener$RootSubscriptionAuditLog,com.sap.core.commercial.service.registry.audit.RootSubscritpionCustomAuditingEntityListener$RootSubscriptionAuditLog,,15230971,9e5ec7d6-2cda-4ea5-b900-5f709ce6b6bf,,e573fd61-f3ad-4bbb-895d-40848e64dbf6,e573fd61-f3ad-4bbb-895d-40848e64dbf6,SAPLaunchpadSMS,baae3a89-81f6-4b4a-a216-7cbaedcc401c,baae3a89-81f6-4b4a-a216-7cbaedcc401c,9e5ec7d6-2cda-4ea5-b900-5f709ce6b6bf,8b14fc54trial,b5bb3c03-f42c-4712-8848-ca0cb3169076,standard,,IN_PROCESS,system,END,audit.configuration,baae3a89-81f6-4b4a-a216-7cbaedcc401c,,,,,,,,,,,,,,,,,,,,,,,,,,,,,,,,,,,,,,,,,,,,,,,,,,,,,,,,,,,,,,,,,,,,,,,,,,,,,,,,,,,,,,,,,,,,,,,,,,,,,,,,,,,,,,,,,,,,,,,,,,,,,,,,,,,,,,,,,,,,,,,,,,,,,,,,,,,,,,,,,,8e430a0b-a8eb-4bbc-bb97-2458baf9b13e,,,,,,,,,,,,,,,,,,,,,,,,,,,,,,,,,,,,,,,,,,,,,,,,,,,,,,,,,,,,,,,,,,,,,,,,,,,,,,,,,,,,,,,,,,,,,,,,,,,,,,,,,,,,,,,,,,,,,,,,,,,,,,,,,,,,,,,,,,,,,,,,,,,,,,,,,,,,,,,,,,,,,,,,,,,,,,,,,,,,,,,,,,,,,,,,,,,,,,,,,,,,,,,,,,,,,,,,,,,,,,,,,,,,,,,,,,,,,,,,,,,,,,,,,,,,,,,,,,,,,,,,,,,,,,,,,,,,,,
c44337aa-f9ac-47cc-86ab-53ee9138f0c7,2026-07-04T12:29:08.521Z,baae3a89-81f6-4b4a-a216-7cbaedcc401c,c3b88aea-f2a5-4608-85c8-ae41e7049cc7,3edd9dff-677b-4171-aeee-829ef92593a0,,da357e3b-0706-4f3f-adb1-82f19c73bd6b,client/sb-tenant-onboarding!t4,audit.configuration,,c44337aa-f9ac-47cc-86ab-53ee9138f0c7,client/sb-tenant-onboarding!t4,2026-07-04T12:29:08.521656244Z,d960042d-56a5-4329-9b7a-522affe07f9b,True,Mobile Services,,proxyBusinessConfigurationBean,,,,,,,,,,,,,,,,,,audit.configuration,baae3a89-81f6-4b4a-a216-7cbaedcc401c,,,,,,,,,,,,,,,,,,,,,,,,,,,,,,,,,,,,,,,,,,,,,,,,,,,,,,,,,,,,,,,,,,,,,,,,,,,,,,,,,,,,,,,,,,,,,,,,,,,,,,,,,,,,,,,,,,,,,,,,,,,,,,,,,,,,,,,,,,,,,,,,,,,,,,,,,,,,,,,,,,,e5a72cd7-9eca-48f8-a094-674aa3fa3e7f,,Configuration changed,service-proxy,cef0c6cf-0163-4d2b-b904-ce93ce1abac8,com.sap.mobile.start,36dcb74a-fb16-462b-9957-e84a7972b4f1,e5a72cd7-9eca-48f8-a094-674aa3fa3e7f,10.36.129.15,baae3a89-81f6-4b4a-a216-7cbaedcc401c,*hidden*,launchpad_portal,https://{tenant}{basedomain},,*hidden*,100,150000,False,,,,ON_BACKEND_HOST,*hidden*,*hidden*,*hidden*,*hidden*,*hidden*,False,-1,,10485760,x-destination-cache,true,True,x-mobile-request,true,True,,,STRICT,False,*hidden*,*hidden*,,*hidden*,False,*hidden*,*hidden*,True,True,False,*hidden*,*hidden*,*hidden*,joule,{destination:SWZ_JOULE},/joule,*hidden*,100,150000,False,,,,NONE,*hidden*,*hidden*,*hidden*,*hidden*,*hidden*,False,-1,,10485760,,,STRICT,False,*hidden*,*hidden*,,*hidden*,False,*hidden*,*hidden*,True,False,*hidden*,*hidden*,*hidden*,True,,*hidden*,True,,service-proxy-blue,mobileprod_mobileprod,mobileprod,,,,,,,,,,,,,,,,,,,,,,,,,,,,,,,,,,,,,,,,,,,,,,,,,,,,,,,,,,,,,,,,,,,,,,,,,,,,,,,,,,,,,,,,,,,,,,,,,,,,,,,,,,,,,,,,,,,,,,,,,,,,,,,,,,,,,,,,,,,,,,,,,,,,,,,,,,,,,,,,,,,,,,,,,,,,,,,,,,,,
458b9fd2-de5f-4a82-b89e-87f5a1ad80b3,2026-07-04T12:29:08.614Z,baae3a89-81f6-4b4a-a216-7cbaedcc401c,c3b88aea-f2a5-4608-85c8-ae41e7049cc7,3edd9dff-677b-4171-aeee-829ef92593a0,,da357e3b-0706-4f3f-adb1-82f19c73bd6b,client/sb-tenant-onboarding!t4,audit.configuration,,458b9fd2-de5f-4a82-b89e-87f5a1ad80b3,client/sb-tenant-onboarding!t4,2026-07-04T12:29:08.614201849Z,b5cd8dcb-986b-425c-963f-6beda11e74f1,True,Mobile Services,,clientUsageConfiguration,,,,,,,,,,,,,,,,,,audit.configuration,baae3a89-81f6-4b4a-a216-7cbaedcc401c,,,,,,,,,,,,,,,,,,,,,,,,,,,,,,,,,,,,,,,,,,,,,,,,,,,,,,,,,,,,,,,,,,,,,,,,,,,,,,,,,,,,,,,,,,,,,,,,,,,,,,,,,,,,,,,,,,,,,,,,,,,,,,,,,,,,,,,,,,,,,,,,,,,,,,,,,,,,,,,,,,,82f5d9e9-baa6-4037-9d4f-f0b25338bf17,,Configuration changed,service-client-usage,cef0c6cf-0163-4d2b-b904-ce93ce1abac8,com.sap.mobile.start,36dcb74a-fb16-462b-9957-e84a7972b4f1,82f5d9e9-baa6-4037-9d4f-f0b25338bf17,10.36.129.15,03da7871-e33a-4ab3-828b-daf2c46b92da,,,,,,,,,,,,,,,,,,,,,,,,,,,,,,,,,,,,,,,,,,,,,,,,,,,,,,,,,,,,,,,,,,,,,,,,,,,,,,,,,,,,,,merged-services-hanabased-blue,mobileprod_mobileprod,mobileprod,True,0,False,False,,True,0,False,False,,,,,,,,,,,,,,,,,,,,,,,,,,,,,,,,,,,,,,,,,,,,,,,,,,,,,,,,,,,,,,,,,,,,,,,,,,,,,,,,,,,,,,,,,,,,,,,,,,,,,,,,,,,,,,,,,,,,,,,,,,,,,,,,,,,,,,,,,,,,,,,,,,,,,,,,,,,,,,,,,,,,,,,,,,,
6463A14749E420EC82DE747CF84C726A,2026-07-04T12:30:11.819Z,baae3a89-81f6-4b4a-a216-7cbaedcc401c,cef0c6cf-0163-4d2b-b904-ce93ce1abac8,36dcb74a-fb16-462b-9957-e84a7972b4f1,,b7038828-f791-433e-8502-f84a116b4b1f,technicalUser,audit.configuration,,6463A14749E420EC82DE747CF84C726A,technicalUser,2026-07-04T12:30:11.819Z,43c895fc-3ff9-4281-aad4-d47ed00df400,,Save subaccount configuration,,Save subaccount configuration,,,,,,,,,,,,,,,,,,audit.configuration,baae3a89-81f6-4b4a-a216-7cbaedcc401c,,,,,,,,,,,,,,,,,,,,,,,,,,,,,,,,,,,,,,,,,,,,,,,,,,,,,,,,,,,,,,,,,,,,,,,,,,,,,,,,,,,,,,,,,,,,,,,,,,,,,,,,,,,,,,,,,,,,,,,,,,,,,,,,,,,,,,,,,,,,,,,,,,,,,,,,,,,,,,,,,,,,,,,,,,,,,,,,,,,,,,,,,,,,,,,,,,,,,,,,,,,,,,,,,,,,,,,,,,,,,,,,,,,,,,,,,,,,,,,,,,,,,,,,,,,,,,,,,,,,,,,,,,,,,,,baae3a89-81f6-4b4a-a216-7cbaedcc401c SHARED_CONFIGURATION,e78b8994-4bb1-4f29-8b9a-84fbccea3055,LAUNCHPAD,standard,baae3a89-81f6-4b4a-a216-7cbaedcc401c,SHARED_CONFIGURATION,technicalUser,technicalUser,default,,,,,,,,,,,,,,,,,,,,,,,,,,,,,,,,,,,,,,,,,,,,,,,,,,,,,,,,,,,,,,,,,,,,,,,,,,,,,,,,,,,,,,,,,,,,,,,,,,,,,,,,,,,,,,,,,,,,,,,,,,,,,,,,,,,,,,,,,,,,,,,,,,,,,,,,,,,,,,,,,
32efa7d6-5815-4b17-900a-8d9443bc69cc,2026-07-04T12:30:17.011Z,baae3a89-81f6-4b4a-a216-7cbaedcc401c,919b493d-3272-406b-8409-9e2c37a6e197,84c7ec6d-d9ae-4d14-9ced-2189657fbdd5,undefined,6c410a91-aa3c-4c30-8051-a767925e0de1,basiser@163.com,audit.configuration,,32efa7d6-5815-4b17-900a-8d9443bc69cc,basiser@163.com,2026-07-04T12:30:17.011119665Z,2d9a87c9-47f0-407f-b017-502d0a2c3703,True,UPDATE,com.sap.core.commercial.service.registry.audit.RootSubscritpionCustomAuditingEntityListener$RootSubscriptionAuditLog,com.sap.core.commercial.service.registry.audit.RootSubscritpionCustomAuditingEntityListener$RootSubscriptionAuditLog,,15230971,9e5ec7d6-2cda-4ea5-b900-5f709ce6b6bf,,e573fd61-f3ad-4bbb-895d-40848e64dbf6,e573fd61-f3ad-4bbb-895d-40848e64dbf6,SAPLaunchpadSMS,baae3a89-81f6-4b4a-a216-7cbaedcc401c,baae3a89-81f6-4b4a-a216-7cbaedcc401c,9e5ec7d6-2cda-4ea5-b900-5f709ce6b6bf,8b14fc54trial,b5bb3c03-f42c-4712-8848-ca0cb3169076,standard,,IN_PROCESS,system,END,audit.configuration,baae3a89-81f6-4b4a-a216-7cbaedcc401c,https://8b14fc54trial.dt.launchpad.cfapps.us10.hana.ondemand.com,,,,,,,,,,,,,,,,,,,,,,,,,,,,,,,,,,,,,,,,,,,,,,,,,,,,,,,,,,,,,,,,,,,,,,,,,,,,,,,,,,,,,,,,,,,,,,,,,,,,,,,,,,,,,,,,,,,,,,,,,,,,,,,,,,,,,,,,,,,,,,,,,,,,,,,,,,,,,,,,,8e430a0b-a8eb-4bbc-bb97-2458baf9b13e,,,,,,,,,,,,,,,,,,,,,,,,,,,,,,,,,,,,,,,,,,,,,,,,,,,,,,,,,,,,,,,,,,,,,,,,,,,,,,,,,,,,,,,,,,,,,,,,,,,,,,,,,,,,,,,,,,,,,,,,,,,,,,,,,,,,,,,,,,,,,,,,,,,,,,,,,,,,,,,,,,,,,,,,,,,,,,,,,,,,,,,,,,,,,,,,,,,,,,,,,,,,,,,,,,,,,,,,,,,,,,,,,,,,,,,,,,,,,,,,,,,,,,,,,,,,,,,,,,,,,,,,,,,,,,,,,,,,,,
7a80fad6-0da0-4b54-ba6d-0fe66a6fbc31,2026-07-04T12:30:17.622Z,baae3a89-81f6-4b4a-a216-7cbaedcc401c,919b493d-3272-406b-8409-9e2c37a6e197,84c7ec6d-d9ae-4d14-9ced-2189657fbdd5,undefined,6c410a91-aa3c-4c30-8051-a767925e0de1,basiser@163.com,audit.configuration,,7a80fad6-0da0-4b54-ba6d-0fe66a6fbc31,basiser@163.com,2026-07-04T12:30:17.622438013Z,773999fc-3839-4851-8f20-07ae384aec90,True,UPDATE,com.sap.core.commercial.service.registry.audit.RootSubscritpionCustomAuditingEntityListener$RootSubscriptionAuditLog,com.sap.core.commercial.service.registry.audit.RootSubscritpionCustomAuditingEntityListener$RootSubscriptionAuditLog,,15230971,9e5ec7d6-2cda-4ea5-b900-5f709ce6b6bf,,e573fd61-f3ad-4bbb-895d-40848e64dbf6,e573fd61-f3ad-4bbb-895d-40848e64dbf6,SAPLaunchpadSMS,baae3a89-81f6-4b4a-a216-7cbaedcc401c,baae3a89-81f6-4b4a-a216-7cbaedcc401c,9e5ec7d6-2cda-4ea5-b900-5f709ce6b6bf,8b14fc54trial,b5bb3c03-f42c-4712-8848-ca0cb3169076,standard,,SUBSCRIBED,system,END,audit.configuration,baae3a89-81f6-4b4a-a216-7cbaedcc401c,https://8b14fc54trial.dt.launchpad.cfapps.us10.hana.ondemand.com,,,,,,,,,,,,,,,,,,,,,,,,,,,,,,,,,,,,,,,,,,,,,,,,,,,,,,,,,,,,,,,,,,,,,,,,,,,,,,,,,,,,,,,,,,,,,,,,,,,,,,,,,,,,,,,,,,,,,,,,,,,,,,,,,,,,,,,,,,,,,,,,,,,,,,,,,,,,,,,,,8e430a0b-a8eb-4bbc-bb97-2458baf9b13e,,,,,,,,,,,,,,,,,,,,,,,,,,,,,,,,,,,,,,,,,,,,,,,,,,,,,,,,,,,,,,,,,,,,,,,,,,,,,,,,,,,,,,,,,,,,,,,,,,,,,,,,,,,,,,,,,,,,,,,,,,,,,,,,,,,,,,,,,,,,,,,,,,,,,,,,,,,,,,,,,,,,,,,,,,,,,,,,,,,,,,,,,,,,,,,,,,,,,,,,,,,,,,,,,,,,,,,,,,,,,,,,,,,,,,,,,,,,,,,,,,,,,,,,,,,,,,,,,,,,,,,,,,,,,,,,,,,,,,
a71c00cc4ce743928366a450c8f97a7e,2026-07-04T12:30:51.168Z,baae3a89-81f6-4b4a-a216-7cbaedcc401c,e8109523-6a25-4d11-ad1b-d69ed2fbcc11,b04b22f9-af07-4eac-8895-16d9c517433b,8d282650-55bc-44e3-955c-acd1fa191684,0377dd57-bad1-4ff5-8734-694fe1da3f9f,b5bb3c03-f42c-4712-8848-ca0cb3169076,audit.configuration,,a71c00cc4ce743928366a450c8f97a7e,b5bb3c03-f42c-4712-8848-ca0cb3169076,2026-07-04T12:30:51.168014Z,8213e96e-8b97-41fd-bc6b-72a4b2dd028f,True,Tenant Provisioned,,state,DOES_NOT_EXIST,,,,,,,,,,,,,,,,,audit.configuration,baae3a89-81f6-4b4a-a216-7cbaedcc401c,,,,,,,,,,,,,,,,,,,,,,,,,,,,,,,,,,,,,,,,,,,,,,,,,,,,,,,,,,,,,,,PROVISIONED,,,,,,,,,,,,,,,,,,,,,,,,,,,,,,,,,,,,,,,,,,,,,,,,,,,,,,,,,,,,,,,,,,,,,,,,,,,,,,,,,,,,,,,,,,,,,,,,,,,,,,,,,,,,,,,,,,,,,,,,,,,,,,,,,,,,,,,,,,,,,,,,,,,,,,,,,,,,,,,,,,,,,,,,,,,,,,,,,,,,,,,,,,,,,,,,,,,,,,,,,,,,,,,,,,,,,,,,,baae3a89-81f6-4b4a-a216-7cbaedcc401c,,,,,,,,,,,,,,,,,,,,,,,,,,,,,,,,,,,,,,,,,,,,,,,,,,,,,,,,,,,,,,,,,,,,,,,,,,,,,,,,,,,,,,,,,,,,,,,,,,,,,,,,,,,,,,,,,,,,,,,,,,,,,,,,,,,,,,,,,,,,,,,,,,,,,,,,,,,,,,,,
f33cd2b4696342a0a140d424e36cdf7c,2026-07-04T12:30:51.194Z,baae3a89-81f6-4b4a-a216-7cbaedcc401c,e8109523-6a25-4d11-ad1b-d69ed2fbcc11,b04b22f9-af07-4eac-8895-16d9c517433b,8d282650-55bc-44e3-955c-acd1fa191684,0377dd57-bad1-4ff5-8734-694fe1da3f9f,b5bb3c03-f42c-4712-8848-ca0cb3169076,audit.configuration,,f33cd2b4696342a0a140d424e36cdf7c,b5bb3c03-f42c-4712-8848-ca0cb3169076,2026-07-04T12:30:51.194846Z,d1834af9-2afd-4085-9d87-6b0f321ece10,True,Tenant Provisioned,,state,DOES_NOT_EXIST,,,,,,,,,,,,,,,,,audit.configuration,baae3a89-81f6-4b4a-a216-7cbaedcc401c,,,,,,,,,,,,,,,,,,,,,,,,,,,,,,,,,,,,,,,,,,,,,,,,,,,,,,,,,,,,,,,PROVISIONED,,,,,,,,,,,,,,,,,,,,,,,,,,,,,,,,,,,,,,,,,,,,,,,,,,,,,,,,,,,,,,,,,,,,,,,,,,,,,,,,,,,,,,,,,,,,,,,,,,,,,,,,,,,,,,,,,,,,,,,,,,,,,,,,,,,,,,,,,,,,,,,,,,,,,,,,,,,,,,,,,,,,,,,,,,,,,,,,,,,,,,,,,,,,,,,,,,,,,,,,,,,,,,,,,,,,,,,,,baae3a89-81f6-4b4a-a216-7cbaedcc401c,,,,,,,,,,,,,,,,,,,,,,,,,,,,,,,,,,,,,,,,,,,,,,,,,,,,,,,,,,,,,,,,,,,,,,,,,,,,,,,,,,,,,,,,,,,,,,,,,,,,,,,,,,,,,,,,,,,,,,,,,,,,,,,,,,,,,,,,,,,,,,,,,,,,,,,,,,,,,,,,
df2298f38eb64400ba6353f8e9df522d,2026-07-04T12:30:51.117Z,baae3a89-81f6-4b4a-a216-7cbaedcc401c,e8109523-6a25-4d11-ad1b-d69ed2fbcc11,b04b22f9-af07-4eac-8895-16d9c517433b,8d282650-55bc-44e3-955c-acd1fa191684,0377dd57-bad1-4ff5-8734-694fe1da3f9f,b5bb3c03-f42c-4712-8848-ca0cb3169076,audit.configuration,,df2298f38eb64400ba6353f8e9df522d,b5bb3c03-f42c-4712-8848-ca0cb3169076,2026-07-04T12:30:51.117382Z,ac4fba9d-abbd-4d23-821a-a74138c205f5,,Tenant Provisioned,,state,DOES_NOT_EXIST,,,,,,,,,,,,,,,,,audit.configuration,baae3a89-81f6-4b4a-a216-7cbaedcc401c,,,,,,,,,,,,,,,,,,,,,,,,,,,,,,,,,,,,,,,,,,,,,,,,,,,,,,,,,,,,,,,PROVISIONED,,,,,,,,,,,,,,,,,,,,,,,,,,,,,,,,,,,,,,,,,,,,,,,,,,,,,,,,,,,,,,,,,,,,,,,,,,,,,,,,,,,,,,,,,,,,,,,,,,,,,,,,,,,,,,,,,,,,,,,,,,,,,,,,,,,,,,,,,,,,,,,,,,,,,,,,,,,,,,,,,,,,,,,,,,,,,,,,,,,,,,,,,,,,,,,,,,,,,,,,,,,,,,,,,,,,,,,,,baae3a89-81f6-4b4a-a216-7cbaedcc401c,,,,,,,,,,,,,,,,,,,,,,,,,,,,,,,,,,,,,,,,,,,,,,,,,,,,,,,,,,,,,,,,,,,,,,,,,,,,,,,,,,,,,,,,,,,,,,,,,,,,,,,,,,,,,,,,,,,,,,,,,,,,,,,,,,,,,,,,,,,,,,,,,,,,,,,,,,,,,,,,
c5262f6c76c0452a9d11395104fedcd0,2026-07-04T12:30:51.146Z,baae3a89-81f6-4b4a-a216-7cbaedcc401c,e8109523-6a25-4d11-ad1b-d69ed2fbcc11,b04b22f9-af07-4eac-8895-16d9c517433b,8d282650-55bc-44e3-955c-acd1fa191684,0377dd57-bad1-4ff5-8734-694fe1da3f9f,b5bb3c03-f42c-4712-8848-ca0cb3169076,audit.configuration,,c5262f6c76c0452a9d11395104fedcd0,b5bb3c03-f42c-4712-8848-ca0cb3169076,2026-07-04T12:30:51.146576Z,0b92727e-b658-4458-9585-4234269e1138,,Tenant Provisioned,,state,DOES_NOT_EXIST,,,,,,,,,,,,,,,,,audit.configuration,baae3a89-81f6-4b4a-a216-7cbaedcc401c,,,,,,,,,,,,,,,,,,,,,,,,,,,,,,,,,,,,,,,,,,,,,,,,,,,,,,,,,,,,,,,PROVISIONED,,,,,,,,,,,,,,,,,,,,,,,,,,,,,,,,,,,,,,,,,,,,,,,,,,,,,,,,,,,,,,,,,,,,,,,,,,,,,,,,,,,,,,,,,,,,,,,,,,,,,,,,,,,,,,,,,,,,,,,,,,,,,,,,,,,,,,,,,,,,,,,,,,,,,,,,,,,,,,,,,,,,,,,,,,,,,,,,,,,,,,,,,,,,,,,,,,,,,,,,,,,,,,,,,,,,,,,,,baae3a89-81f6-4b4a-a216-7cbaedcc401c,,,,,,,,,,,,,,,,,,,,,,,,,,,,,,,,,,,,,,,,,,,,,,,,,,,,,,,,,,,,,,,,,,,,,,,,,,,,,,,,,,,,,,,,,,,,,,,,,,,,,,,,,,,,,,,,,,,,,,,,,,,,,,,,,,,,,,,,,,,,,,,,,,,,,,,,,,,,,,,,
312efb49-316d-4e81-9d1e-484b724577db,2026-07-04T12:36:06.191Z,baae3a89-81f6-4b4a-a216-7cbaedcc401c,919b493d-3272-406b-8409-9e2c37a6e197,84c7ec6d-d9ae-4d14-9ced-2189657fbdd5,undefined,6c410a91-aa3c-4c30-8051-a767925e0de1,basiser@163.com,audit.configuration,,312efb49-316d-4e81-9d1e-484b724577db,basiser@163.com,2026-07-04T12:36:06.191430737Z,44cc062f-7c80-4e83-918d-70737e23ba86,True,UPDATE,com.sap.core.commercial.service.registry.audit.RootSubscritpionCustomAuditingEntityListener$RootSubscriptionAuditLog,com.sap.core.commercial.service.registry.audit.RootSubscritpionCustomAuditingEntityListener$RootSubscriptionAuditLog,,15230970,xsuaa!b49390_baae3a89-81f6-4b4a-a216-7cbaedcc401c_xsuaa!b49390,5ab50bea-9daa-4254-b8d7-64365be309fa,xsuaa!b49390,xsuaa!b49390,process-automation,baae3a89-81f6-4b4a-a216-7cbaedcc401c,baae3a89-81f6-4b4a-a216-7cbaedcc401c,c80adfac-67d2-486a-8ff0-ab74e85bdd66,8b14fc54trial,b5bb3c03-f42c-4712-8848-ca0cb3169076,free,1,IN_PROCESS,CONSUMER,END,audit.configuration,baae3a89-81f6-4b4a-a216-7cbaedcc401c,https://8b14fc54trial.us10.build.cloud.sap,,,,,,,,,,,,,,,,,,,,,,,,,,,,,,,,,,,,,,,,,,,,,,,,,,,,,,,,,,,,,,,,,,,,,,,,,,,,,,,,,,,,,,,,,,,,,,,,,,,,,,,,,,,,,,,,,,,,,,,,,,,,,,,,,,,,,,,,,,,,,,,,,,,,,,,,,,,,,,,,,,,,,,,,,,,,,,,,,,,,,,,,,,,,,,,,,,,,,,,,,,,,,,,,,,,,,,,,,,,,,,,,,,,,,,,,,,,,,,,,,,,,,,,,,,,,,,,,,,,,,,,,,,,,,,,,,,,,,,,,,,,,,,,,,,,,,,,,,,,,,,,,,,,,,,,,,,,,,,,,,,,,,,,,,,,,,,,,,,,,,,,,,,,,,,,,,,,,,,,,,,,,,,,,,,,,,,,,,,,,,,,,,,,,,,,,,,,,,,,,,,,,,,,,,,,,,,,,,,,,,,,,,,,,,,,,,,,,,,,
ffd0c84c-3f22-4307-b1d1-a3051d9d6dc6,2026-07-04T12:36:07.177Z,baae3a89-81f6-4b4a-a216-7cbaedcc401c,919b493d-3272-406b-8409-9e2c37a6e197,84c7ec6d-d9ae-4d14-9ced-2189657fbdd5,undefined,6c410a91-aa3c-4c30-8051-a767925e0de1,basiser@163.com,audit.configuration,,ffd0c84c-3f22-4307-b1d1-a3051d9d6dc6,basiser@163.com,2026-07-04T12:36:07.177335057Z,c59ded6b-8bc4-4da2-83c8-94cef5161bc4,True,UPDATE,com.sap.core.commercial.service.registry.audit.RootSubscritpionCustomAuditingEntityListener$RootSubscriptionAuditLog,com.sap.core.commercial.service.registry.audit.RootSubscritpionCustomAuditingEntityListener$RootSubscriptionAuditLog,,15230970,xsuaa!b49390_baae3a89-81f6-4b4a-a216-7cbaedcc401c_xsuaa!b49390,5ab50bea-9daa-4254-b8d7-64365be309fa,xsuaa!b49390,xsuaa!b49390,process-automation,baae3a89-81f6-4b4a-a216-7cbaedcc401c,baae3a89-81f6-4b4a-a216-7cbaedcc401c,c80adfac-67d2-486a-8ff0-ab74e85bdd66,8b14fc54trial,b5bb3c03-f42c-4712-8848-ca0cb3169076,free,1,SUBSCRIBED,CONSUMER,END,audit.configuration,baae3a89-81f6-4b4a-a216-7cbaedcc401c,https://8b14fc54trial.us10.build.cloud.sap,,,,,,,,,,,,,,,,,,,,,,,,,,,,,,,,,,,,,,,,,,,,,,,,,,,,,,,,,,,,,,,,,,,,,,,,,,,,,,,,,,,,,,,,,,,,,,,,,,,,,,,,,,,,,,,,,,,,,,,,,,,,,,,,,,,,,,,,,,,,,,,,,,,,,,,,,,,,,,,,,,,,,,,,,,,,,,,,,,,,,,,,,,,,,,,,,,,,,,,,,,,,,,,,,,,,,,,,,,,,,,,,,,,,,,,,,,,,,,,,,,,,,,,,,,,,,,,,,,,,,,,,,,,,,,,,,,,,,,,,,,,,,,,,,,,,,,,,,,,,,,,,,,,,,,,,,,,,,,,,,,,,,,,,,,,,,,,,,,,,,,,,,,,,,,,,,,,,,,,,,,,,,,,,,,,,,,,,,,,,,,,,,,,,,,,,,,,,,,,,,,,,,,,,,,,,,,,,,,,,,,,,,,,,,,,,,,,,,,,
cb6ee260-e08e-46df-bd48-7c4b51e9543d,2026-07-04T13:18:48.255Z,baae3a89-81f6-4b4a-a216-7cbaedcc401c,919b493d-3272-406b-8409-9e2c37a6e197,84c7ec6d-d9ae-4d14-9ced-2189657fbdd5,undefined,6c410a91-aa3c-4c30-8051-a767925e0de1,basiser@163.com,audit.configuration,,cb6ee260-e08e-46df-bd48-7c4b51e9543d,basiser@163.com,2026-07-04T13:18:48.255938732Z,3526cb56-16c3-43b7-a418-f700471c02f1,True,UPDATE,com.sap.core.commercial.service.provisioning.ers.manager.model.ServiceInstance,com.sap.core.commercial.service.provisioning.ers.manager.model.ServiceInstance,,1448147,,,,,,,baae3a89-81f6-4b4a-a216-7cbaedcc401c,,,,,,UPDATING,,END,audit.configuration,baae3a89-81f6-4b4a-a216-7cbaedcc401c,,,,Update,,,,,,,,,,,,,,,,,,,,,,,,,,,,,,,,,,,,,,,,8b14fc54trial,,,,,,,,,,,,,,,,,,,,,,,,,,,,,,,,,,,,,,,,,,,,,,,,,,,,,,,,,,,,,,,,,,,,,,,,,,,,,,,,,,,,,,,,,,,,,,,,,,,,,,,,,,,,,,,,,,,,,,,,,,,,,,,,,,,,,,,,,,,,,,,,,,,,,,,,,,,,,,,,,,,,,,,,,,,,,,,,,,,,,,,,,,,,,,,,,,,,,,,,,,,,,,,,,,,,,,,,,,,,,,,,,,,,,,,baae3a89-81f6-4b4a-a216-7cbaedcc401c,F84DED62-95CD-4121-8868-A3E824135A2A,,,,,b5bb3c03-f42c-4712-8848-ca0cb3169076,fa31b750-375f-4268-bee1-604811a89fd9,267b5620-3011-4c48-8e56-8d103876275b,New,https://api.cf.us10-001.hana.ondemand.com,8b14fc54trial,873fd53a-3461-4a23-ad99-ee4654f8bce3,"4,096MB",provision,basiser@163.com,I999999,873fd53a-3461-4a23-ad99-ee4654f8bce3,cis eyJ1c2VyX2lkIjoiYmFzaXNlckAxNjMuY29tIn0=,Updating environment instance.,"Jul 4, 2026, 1:18:48 PM",basiser@163.com,"Jul 4, 2026, 12:18:42 PM",sb-cis-xsuaa-clone-for-cis-cf-cross-region-client!b4|cis-system!b4,,,,,,,,,,,,,,,,,,,,,,,,,,,,,,,,,,,,,,,,,,,,,,,,,,,,,,,,,,,,,,,,,,,,,,,,,,,,,,,,,,,,,,,,,,,,,,,,,,,,,,,,,,,,,,,,,,,,,,,,,,,,,,,,,,,,,,,,,,,,,,
c408ab36-8a6d-41a6-8226-bf8f1aeb21f1,2026-07-04T13:18:49.224Z,baae3a89-81f6-4b4a-a216-7cbaedcc401c,919b493d-3272-406b-8409-9e2c37a6e197,84c7ec6d-d9ae-4d14-9ced-2189657fbdd5,undefined,6c410a91-aa3c-4c30-8051-a767925e0de1,basiser@163.com,audit.configuration,,c408ab36-8a6d-41a6-8226-bf8f1aeb21f1,basiser@163.com,2026-07-04T13:18:49.224095555Z,c38a0bca-a8e5-404e-9e23-bc576aad8a35,True,UPDATE,com.sap.core.commercial.service.provisioning.ers.manager.model.ServiceInstance,com.sap.core.commercial.service.provisioning.ers.manager.model.ServiceInstance,,1448147,,,,,,,baae3a89-81f6-4b4a-a216-7cbaedcc401c,,,,,,UPDATING,,END,audit.configuration,baae3a89-81f6-4b4a-a216-7cbaedcc401c,,,,Update,,,,,,,,,,,,,,,,,,,,,,,,,,,,,,,,,,,,,,,,8b14fc54trial,,,,,,,,,,,,,,,,,,,,,,,,,,,,,,,,,,,,,,,,,,,,,,,,,,,,,,,,,,,,,,,,,,,,,,,,,,,,,,,,,,,,,,,,,,,,,,,,,,,,,,,,,,,,,,,,,,,,,,,,,,,,,,,,,,,,,,,,,,,,,,,,,,,,,,,,,,,,,,,,,,,,,,,,,,,,,,,,,,,,,,,,,,,,,,,,,,,,,,,,,,,,,,,,,,,,,,,,,,,,,,,,,,,,,,,baae3a89-81f6-4b4a-a216-7cbaedcc401c,F84DED62-95CD-4121-8868-A3E824135A2A,,,,,b5bb3c03-f42c-4712-8848-ca0cb3169076,fa31b750-375f-4268-bee1-604811a89fd9,267b5620-3011-4c48-8e56-8d103876275b,Processing,https://api.cf.us10-001.hana.ondemand.com,8b14fc54trial,873fd53a-3461-4a23-ad99-ee4654f8bce3,"4,096MB",update,basiser@163.com,I999999,873fd53a-3461-4a23-ad99-ee4654f8bce3,cis eyJ1c2VyX2lkIjoiYmFzaXNlckAxNjMuY29tIn0=,Updating environment instance.,"Jul 4, 2026, 1:18:49 PM",basiser@163.com,"Jul 4, 2026, 12:18:42 PM",sb-cis-xsuaa-clone-for-cis-cf-cross-region-client!b4|cis-system!b4,baae3a89-81f6-4b4a-a216-7cbaedcc401c,cf-us10-001,basiser@163.com,TRIAL,sap.ids,True,SUBSCRIPTION,baae3a89-81f6-4b4a-a216-7cbaedcc401c,4,us10,b5bb3c03-f42c-4712-8848-ca0cb3169076,cis ,,,,,,,,,,,,,,,,,,,,,,,,,,,,,,,,,,,,,,,,,,,,,,,,,,,,,,,,,,,,,,,,,,,,,,,,,,,,,,,,,,,,,,,,,,,,,,,,,,,,,,,,,,,,,,,,,,,,,,,,,,,,,,,,,,
8723f417-1923-4cae-a965-368c698a1e90,2026-07-04T13:18:49.316Z,baae3a89-81f6-4b4a-a216-7cbaedcc401c,919b493d-3272-406b-8409-9e2c37a6e197,84c7ec6d-d9ae-4d14-9ced-2189657fbdd5,undefined,6c410a91-aa3c-4c30-8051-a767925e0de1,basiser@163.com,audit.configuration,,8723f417-1923-4cae-a965-368c698a1e90,basiser@163.com,2026-07-04T13:18:49.316374211Z,25f41e65-0684-4cb3-aa35-42f624b98c8c,True,UPDATE,com.sap.core.commercial.service.provisioning.ers.manager.model.ServiceInstance,com.sap.core.commercial.service.provisioning.ers.manager.model.ServiceInstance,,1448147,,,,,,,baae3a89-81f6-4b4a-a216-7cbaedcc401c,,,,,,UPDATING,,END,audit.configuration,baae3a89-81f6-4b4a-a216-7cbaedcc401c,,,,Update,,,,,,,,,,,,,,,,,,,,,,,,,,,,,,,,,,,,,,,,8b14fc54trial,,,,,,,,,,,,,,,,,,,,,,,,,,,,,,,,,,,,,,,,,,,,,,,,,,,,,,,,,,,,,,,,,,,,,,,,,,,,,,,,,,,,,,,,,,,,,,,,,,,,,,,,,,,,,,,,,,,,,,,,,,,,,,,,,,,,,,,,,,,,,,,,,,,,,,,,,,,,,,,,,,,,,,,,,,,,,,,,,,,,,,,,,,,,,,,,,,,,,,,,,,,,,,,,,,,,,,,,,,,,,,,,,,,,,,,baae3a89-81f6-4b4a-a216-7cbaedcc401c,F84DED62-95CD-4121-8868-A3E824135A2A,,,,,b5bb3c03-f42c-4712-8848-ca0cb3169076,fa31b750-375f-4268-bee1-604811a89fd9,267b5620-3011-4c48-8e56-8d103876275b,Processing,https://api.cf.us10-001.hana.ondemand.com,8b14fc54trial,873fd53a-3461-4a23-ad99-ee4654f8bce3,"4,096MB",update,basiser@163.com,I999999,873fd53a-3461-4a23-ad99-ee4654f8bce3,cis eyJ1c2VyX2lkIjoiYmFzaXNlckAxNjMuY29tIn0=,Updating org [8b14fc54trial]. Instance ID: F84DED62-95CD-4121-8868-A3E824135A2A.,"Jul 4, 2026, 1:18:49 PM",basiser@163.com,"Jul 4, 2026, 12:18:42 PM",sb-cis-xsuaa-clone-for-cis-cf-cross-region-client!b4|cis-system!b4,baae3a89-81f6-4b4a-a216-7cbaedcc401c,cf-us10-001,basiser@163.com,TRIAL,sap.ids,True,SUBSCRIPTION,baae3a89-81f6-4b4a-a216-7cbaedcc401c,4,us10,b5bb3c03-f42c-4712-8848-ca0cb3169076,cis ,,,,,,,,,,,,,,,,,,,,,,,,,,,,,,,,,,,,,,,,,,,,,,,,,,,,,,,,,,,,,,,,,,,,,,,,,,,,,,,,,,,,,,,,,,,,,,,,,,,,,,,,,,,,,,,,,,,,,,,,,,,,,,,,,,
e0924106-418d-4176-a47c-f96c2d569a4e,2026-07-04T13:18:59.123Z,baae3a89-81f6-4b4a-a216-7cbaedcc401c,919b493d-3272-406b-8409-9e2c37a6e197,84c7ec6d-d9ae-4d14-9ced-2189657fbdd5,undefined,6c410a91-aa3c-4c30-8051-a767925e0de1,basiser@163.com,audit.configuration,,e0924106-418d-4176-a47c-f96c2d569a4e,basiser@163.com,2026-07-04T13:18:59.123660379Z,129b6a52-9b9c-4589-a2a9-aec59cf08138,True,UPDATE,com.sap.core.commercial.service.provisioning.ers.manager.model.ServiceInstance,com.sap.core.commercial.service.provisioning.ers.manager.model.ServiceInstance,,1448147,,,,,,,baae3a89-81f6-4b4a-a216-7cbaedcc401c,,,,,,UPDATING,,END,audit.configuration,baae3a89-81f6-4b4a-a216-7cbaedcc401c,,,,Update,,,,,,,,,,,,,,,,,,,,,,,,,,,,,,,,,,,,,,,,8b14fc54trial,,,,,,,,,,,,,,,,,,,,,,,,,,,,,,,,,,,,,,,,,,,,,,,,,,,,,,,,,,,,,,,,,,,,,,,,,,,,,,,,,,,,,,,,,,,,,,,,,,,,,,,,,,,,,,,,,,,,,,,,,,,,,,,,,,,,,,,,,,,,,,,,,,,,,,,,,,,,,,,,,,,,,,,,,,,,,,,,,,,,,,,,,,,,,,,,,,,,,,,,,,,,,,,,,,,,,,,,,,,,,,,,,,,,,,,baae3a89-81f6-4b4a-a216-7cbaedcc401c,F84DED62-95CD-4121-8868-A3E824135A2A,,,,,b5bb3c03-f42c-4712-8848-ca0cb3169076,fa31b750-375f-4268-bee1-604811a89fd9,267b5620-3011-4c48-8e56-8d103876275b,Processed,https://api.cf.us10-001.hana.ondemand.com,8b14fc54trial,873fd53a-3461-4a23-ad99-ee4654f8bce3,"4,096MB",update,basiser@163.com,I999999,873fd53a-3461-4a23-ad99-ee4654f8bce3,cis eyJ1c2VyX2lkIjoiYmFzaXNlckAxNjMuY29tIn0=,Successfully updated org [8b14fc54trial]. Instance ID: F84DED62-95CD-4121-8868-A3E824135A2A.,"Jul 4, 2026, 1:18:59 PM",basiser@163.com,"Jul 4, 2026, 12:18:42 PM",sb-cis-xsuaa-clone-for-cis-cf-cross-region-client!b4|cis-system!b4,baae3a89-81f6-4b4a-a216-7cbaedcc401c,cf-us10-001,basiser@163.com,TRIAL,sap.ids,True,SUBSCRIPTION,baae3a89-81f6-4b4a-a216-7cbaedcc401c,4,us10,b5bb3c03-f42c-4712-8848-ca0cb3169076,cis ,,,,,,,,,,,,,,,,,,,,,,,,,,,,,,,,,,,,,,,,,,,,,,,,,,,,,,,,,,,,,,,,,,,,,,,,,,,,,,,,,,,,,,,,,,,,,,,,,,,,,,,,,,,,,,,,,,,,,,,,,,,,,,,,,,
73b025b9-f9a5-4dd7-b0aa-a874f290ad5e,2026-07-04T13:18:59.410Z,baae3a89-81f6-4b4a-a216-7cbaedcc401c,919b493d-3272-406b-8409-9e2c37a6e197,84c7ec6d-d9ae-4d14-9ced-2189657fbdd5,undefined,6c410a91-aa3c-4c30-8051-a767925e0de1,basiser@163.com,audit.configuration,,73b025b9-f9a5-4dd7-b0aa-a874f290ad5e,basiser@163.com,2026-07-04T13:18:59.410032247Z,6c87a925-e022-4756-be0b-b70891eb6215,True,UPDATE,com.sap.core.commercial.service.provisioning.ers.manager.model.ServiceInstance,com.sap.core.commercial.service.provisioning.ers.manager.model.ServiceInstance,,1448147,,,,,,,baae3a89-81f6-4b4a-a216-7cbaedcc401c,,,,,,OK,,END,audit.configuration,baae3a89-81f6-4b4a-a216-7cbaedcc401c,,,,Update,,,,,,,,,,,,,,,,,,,,,,,,,,,,,,,,,,,,,,,,8b14fc54trial,,,,,,,,,,,,,,,,,,,,,,,,,,,,,,,,,,,,,,,,,,,,,,,,,,,,,,,,,,,,,,,,,,,,,,,,,,,,,,,,,,,,,,,,,,,,,,,,,,,,,,,,,,,,,,,,,,,,,,,,,,,,,,,,,,,,,,,,,,,,,,,,,,,,,,,,,,,,,,,,,,,,,,,,,,,,,,,,,,,,,,,,,,,,,,,,,,,,,,,,,,,,,,,,,,,,,,,,,,,,,,,,,,,,,,,baae3a89-81f6-4b4a-a216-7cbaedcc401c,F84DED62-95CD-4121-8868-A3E824135A2A,,,,,b5bb3c03-f42c-4712-8848-ca0cb3169076,fa31b750-375f-4268-bee1-604811a89fd9,267b5620-3011-4c48-8e56-8d103876275b,Processed,https://api.cf.us10-001.hana.ondemand.com,8b14fc54trial,873fd53a-3461-4a23-ad99-ee4654f8bce3,"4,096MB",update,basiser@163.com,I999999,873fd53a-3461-4a23-ad99-ee4654f8bce3,cis eyJ1c2VyX2lkIjoiYmFzaXNlckAxNjMuY29tIn0=,Environment instance updated.,"Jul 4, 2026, 1:18:59 PM",basiser@163.com,"Jul 4, 2026, 12:18:42 PM",sb-cis-xsuaa-clone-for-cis-cf-cross-region-client!b4|cis-system!b4,baae3a89-81f6-4b4a-a216-7cbaedcc401c,cf-us10-001,basiser@163.com,TRIAL,sap.ids,True,SUBSCRIPTION,baae3a89-81f6-4b4a-a216-7cbaedcc401c,4,us10,b5bb3c03-f42c-4712-8848-ca0cb3169076,cis ,ACTIVE,,,,,,,,,,,,,,,,,,,,,,,,,,,,,,,,,,,,,,,,,,,,,,,,,,,,,,,,,,,,,,,,,,,,,,,,,,,,,,,,,,,,,,,,,,,,,,,,,,,,,,,,,,,,,,,,,,,,,,,,,,,,,,,,,
d51f1084-7494-47cb-b458-db3a3b6842de,2026-07-04T13:18:59.147Z,baae3a89-81f6-4b4a-a216-7cbaedcc401c,919b493d-3272-406b-8409-9e2c37a6e197,84c7ec6d-d9ae-4d14-9ced-2189657fbdd5,undefined,6c410a91-aa3c-4c30-8051-a767925e0de1,basiser@163.com,audit.configuration,,d51f1084-7494-47cb-b458-db3a3b6842de,basiser@163.com,2026-07-04T13:18:59.147757765Z,34f4dfe2-0110-420e-bb81-167c1c45e097,True,UPDATE,com.sap.core.commercial.service.provisioning.ers.manager.model.ServiceInstance,com.sap.core.commercial.service.provisioning.ers.manager.model.ServiceInstance,,1448147,,,,,,,baae3a89-81f6-4b4a-a216-7cbaedcc401c,,,,,,OK,,END,audit.configuration,baae3a89-81f6-4b4a-a216-7cbaedcc401c,,,,Update,,,,,,,,,,,,,,,,,,,,,,,,,,,,,,,,,,,,,,,,8b14fc54trial,,,,,,,,,,,,,,,,,,,,,,,,,,,,,,,,,,,,,,,,,,,,,,,,,,,,,,,,,,,,,,,,,,,,,,,,,,,,,,,,,,,,,,,,,,,,,,,,,,,,,,,,,,,,,,,,,,,,,,,,,,,,,,,,,,,,,,,,,,,,,,,,,,,,,,,,,,,,,,,,,,,,,,,,,,,,,,,,,,,,,,,,,,,,,,,,,,,,,,,,,,,,,,,,,,,,,,,,,,,,,,,,,,,,,,,baae3a89-81f6-4b4a-a216-7cbaedcc401c,F84DED62-95CD-4121-8868-A3E824135A2A,,,,,b5bb3c03-f42c-4712-8848-ca0cb3169076,fa31b750-375f-4268-bee1-604811a89fd9,267b5620-3011-4c48-8e56-8d103876275b,Processed,https://api.cf.us10-001.hana.ondemand.com,8b14fc54trial,873fd53a-3461-4a23-ad99-ee4654f8bce3,"4,096MB",update,basiser@163.com,I999999,873fd53a-3461-4a23-ad99-ee4654f8bce3,cis eyJ1c2VyX2lkIjoiYmFzaXNlckAxNjMuY29tIn0=,Environment instance updated.,"Jul 4, 2026, 1:18:59 PM",basiser@163.com,"Jul 4, 2026, 12:18:42 PM",sb-cis-xsuaa-clone-for-cis-cf-cross-region-client!b4|cis-system!b4,baae3a89-81f6-4b4a-a216-7cbaedcc401c,cf-us10-001,basiser@163.com,TRIAL,sap.ids,True,SUBSCRIPTION,baae3a89-81f6-4b4a-a216-7cbaedcc401c,4,us10,b5bb3c03-f42c-4712-8848-ca0cb3169076,cis ,,,,,,,,,,,,,,,,,,,,,,,,,,,,,,,,,,,,,,,,,,,,,,,,,,,,,,,,,,,,,,,,,,,,,,,,,,,,,,,,,,,,,,,,,,,,,,,,,,,,,,,,,,,,,,,,,,,,,,,,,,,,,,,,,,
5b1a8001-0282-4226-b6c6-72b0dbcb60a3,2026-07-05T03:11:04.320Z,baae3a89-81f6-4b4a-a216-7cbaedcc401c,919b493d-3272-406b-8409-9e2c37a6e197,84c7ec6d-d9ae-4d14-9ced-2189657fbdd5,undefined,6c410a91-aa3c-4c30-8051-a767925e0de1,basiser@163.com,audit.configuration,,5b1a8001-0282-4226-b6c6-72b0dbcb60a3,basiser@163.com,2026-07-05T03:11:04.320300047Z,634ba91a-c5f0-409c-bd32-0fbfce77d200,True,UPDATE,com.sap.core.commercial.service.provisioning.ers.manager.model.ServiceInstance,com.sap.core.commercial.service.provisioning.ers.manager.model.ServiceInstance,,1448147,,,,,,,baae3a89-81f6-4b4a-a216-7cbaedcc401c,,,,,,UPDATING,,END,audit.configuration,baae3a89-81f6-4b4a-a216-7cbaedcc401c,,,,Update,,,,,,,,,,,,,,,,,,,,,,,,,,,,,,,,,,,,,,,,8b14fc54trial,,,,,,,,,,,,,,,,,,,,,,,,,,,,,,,,,,,,,,,,,,,,,,,,,,,,,,,,,,,,,,,,,,,,,,,,,,,,,,,,,,,,,,,,,,,,,,,,,,,,,,,,,,,,,,,,,,,,,,,,,,,,,,,,,,,,,,,,,,,,,,,,,,,,,,,,,,,,,,,,,,,,,,,,,,,,,,,,,,,,,,,,,,,,,,,,,,,,,,,,,,,,,,,,,,,,,,,,,,,,,,,,,,,,,,,baae3a89-81f6-4b4a-a216-7cbaedcc401c,F84DED62-95CD-4121-8868-A3E824135A2A,,,,,b5bb3c03-f42c-4712-8848-ca0cb3169076,fa31b750-375f-4268-bee1-604811a89fd9,267b5620-3011-4c48-8e56-8d103876275b,Processing,https://api.cf.us10-001.hana.ondemand.com,8b14fc54trial,873fd53a-3461-4a23-ad99-ee4654f8bce3,"4,096MB",update,basiser@163.com,I999999,873fd53a-3461-4a23-ad99-ee4654f8bce3,cis eyJ1c2VyX2lkIjoiYmFzaXNlckAxNjMuY29tIn0=,Updating org [8b14fc54trial]. Instance ID: F84DED62-95CD-4121-8868-A3E824135A2A.,"Jul 5, 2026, 3:11:04 AM",basiser@163.com,"Jul 4, 2026, 12:18:42 PM",sb-cis-xsuaa-clone-for-cis-cf-cross-region-client!b4|cis-system!b4,baae3a89-81f6-4b4a-a216-7cbaedcc401c,cf-us10-001,basiser@163.com,TRIAL,sap.ids,True,SUBSCRIPTION,baae3a89-81f6-4b4a-a216-7cbaedcc401c,4,us10,b5bb3c03-f42c-4712-8848-ca0cb3169076,cis ,ACTIVE,,,,,,,,,,,,,,,,,,,,,,,,,,,,,,,,,,,,,,,,,,,,,,,,,,,,,,,,,,,,,,,,,,,,,,,,,,,,,,,,,,,,,,,,,,,,,,,,,,,,,,,,,,,,,,,,,,,,,,,,,,,,,,,,,
a5507a2e-2c0d-4864-8a1c-fbde90dc916d,2026-07-05T03:11:02.504Z,baae3a89-81f6-4b4a-a216-7cbaedcc401c,919b493d-3272-406b-8409-9e2c37a6e197,84c7ec6d-d9ae-4d14-9ced-2189657fbdd5,undefined,6c410a91-aa3c-4c30-8051-a767925e0de1,basiser@163.com,audit.configuration,,a5507a2e-2c0d-4864-8a1c-fbde90dc916d,basiser@163.com,2026-07-05T03:11:02.504375795Z,eb1ff67b-9f70-4c03-8b8c-7bc8b577710f,True,UPDATE,com.sap.core.commercial.service.provisioning.ers.manager.model.ServiceInstance,com.sap.core.commercial.service.provisioning.ers.manager.model.ServiceInstance,,1448147,,,,,,,baae3a89-81f6-4b4a-a216-7cbaedcc401c,,,,,,UPDATING,,END,audit.configuration,baae3a89-81f6-4b4a-a216-7cbaedcc401c,,,,Update,,,,,,,,,,,,,,,,,,,,,,,,,,,,,,,,,,,,,,,,8b14fc54trial,,,,,,,,,,,,,,,,,,,,,,,,,,,,,,,,,,,,,,,,,,,,,,,,,,,,,,,,,,,,,,,,,,,,,,,,,,,,,,,,,,,,,,,,,,,,,,,,,,,,,,,,,,,,,,,,,,,,,,,,,,,,,,,,,,,,,,,,,,,,,,,,,,,,,,,,,,,,,,,,,,,,,,,,,,,,,,,,,,,,,,,,,,,,,,,,,,,,,,,,,,,,,,,,,,,,,,,,,,,,,,,,,,,,,,,baae3a89-81f6-4b4a-a216-7cbaedcc401c,F84DED62-95CD-4121-8868-A3E824135A2A,,,,,b5bb3c03-f42c-4712-8848-ca0cb3169076,fa31b750-375f-4268-bee1-604811a89fd9,267b5620-3011-4c48-8e56-8d103876275b,New,https://api.cf.us10-001.hana.ondemand.com,8b14fc54trial,873fd53a-3461-4a23-ad99-ee4654f8bce3,"4,096MB",update,basiser@163.com,I999999,873fd53a-3461-4a23-ad99-ee4654f8bce3,cis eyJ1c2VyX2lkIjoiYmFzaXNlckAxNjMuY29tIn0=,Updating environment instance.,"Jul 5, 2026, 3:11:02 AM",basiser@163.com,"Jul 4, 2026, 12:18:42 PM",sb-cis-xsuaa-clone-for-cis-cf-cross-region-client!b4|cis-system!b4,,,,,,,,,,,,,ACTIVE,,,,,,,,,,,,,,,,,,,,,,,,,,,,,,,,,,,,,,,,,,,,,,,,,,,,,,,,,,,,,,,,,,,,,,,,,,,,,,,,,,,,,,,,,,,,,,,,,,,,,,,,,,,,,,,,,,,,,,,,,,,,,,,,,
98ffedb7-6aec-4dcc-8c42-7d9a2a23eafd,2026-07-05T03:11:04.228Z,baae3a89-81f6-4b4a-a216-7cbaedcc401c,919b493d-3272-406b-8409-9e2c37a6e197,84c7ec6d-d9ae-4d14-9ced-2189657fbdd5,undefined,6c410a91-aa3c-4c30-8051-a767925e0de1,basiser@163.com,audit.configuration,,98ffedb7-6aec-4dcc-8c42-7d9a2a23eafd,basiser@163.com,2026-07-05T03:11:04.228333455Z,c345b2c7-5375-4952-93d2-0440fbf8edeb,True,UPDATE,com.sap.core.commercial.service.provisioning.ers.manager.model.ServiceInstance,com.sap.core.commercial.service.provisioning.ers.manager.model.ServiceInstance,,1448147,,,,,,,baae3a89-81f6-4b4a-a216-7cbaedcc401c,,,,,,UPDATING,,END,audit.configuration,baae3a89-81f6-4b4a-a216-7cbaedcc401c,,,,Update,,,,,,,,,,,,,,,,,,,,,,,,,,,,,,,,,,,,,,,,8b14fc54trial,,,,,,,,,,,,,,,,,,,,,,,,,,,,,,,,,,,,,,,,,,,,,,,,,,,,,,,,,,,,,,,,,,,,,,,,,,,,,,,,,,,,,,,,,,,,,,,,,,,,,,,,,,,,,,,,,,,,,,,,,,,,,,,,,,,,,,,,,,,,,,,,,,,,,,,,,,,,,,,,,,,,,,,,,,,,,,,,,,,,,,,,,,,,,,,,,,,,,,,,,,,,,,,,,,,,,,,,,,,,,,,,,,,,,,,baae3a89-81f6-4b4a-a216-7cbaedcc401c,F84DED62-95CD-4121-8868-A3E824135A2A,,,,,b5bb3c03-f42c-4712-8848-ca0cb3169076,fa31b750-375f-4268-bee1-604811a89fd9,267b5620-3011-4c48-8e56-8d103876275b,Processing,https://api.cf.us10-001.hana.ondemand.com,8b14fc54trial,873fd53a-3461-4a23-ad99-ee4654f8bce3,"4,096MB",update,basiser@163.com,I999999,873fd53a-3461-4a23-ad99-ee4654f8bce3,cis eyJ1c2VyX2lkIjoiYmFzaXNlckAxNjMuY29tIn0=,Updating environment instance.,"Jul 5, 2026, 3:11:04 AM",basiser@163.com,"Jul 4, 2026, 12:18:42 PM",sb-cis-xsuaa-clone-for-cis-cf-cross-region-client!b4|cis-system!b4,baae3a89-81f6-4b4a-a216-7cbaedcc401c,cf-us10-001,basiser@163.com,TRIAL,sap.ids,True,SUBSCRIPTION,baae3a89-81f6-4b4a-a216-7cbaedcc401c,4,us10,b5bb3c03-f42c-4712-8848-ca0cb3169076,cis ,ACTIVE,,,,,,,,,,,,,,,,,,,,,,,,,,,,,,,,,,,,,,,,,,,,,,,,,,,,,,,,,,,,,,,,,,,,,,,,,,,,,,,,,,,,,,,,,,,,,,,,,,,,,,,,,,,,,,,,,,,,,,,,,,,,,,,,,
f0b89b69-b5f8-4c33-9f71-0eae86e594a4,2026-07-05T03:11:14.148Z,baae3a89-81f6-4b4a-a216-7cbaedcc401c,919b493d-3272-406b-8409-9e2c37a6e197,84c7ec6d-d9ae-4d14-9ced-2189657fbdd5,undefined,6c410a91-aa3c-4c30-8051-a767925e0de1,basiser@163.com,audit.configuration,,f0b89b69-b5f8-4c33-9f71-0eae86e594a4,basiser@163.com,2026-07-05T03:11:14.148340681Z,57a462da-f154-4a49-ae49-53e881f2495b,True,UPDATE,com.sap.core.commercial.service.provisioning.ers.manager.model.ServiceInstance,com.sap.core.commercial.service.provisioning.ers.manager.model.ServiceInstance,,1448147,,,,,,,baae3a89-81f6-4b4a-a216-7cbaedcc401c,,,,,,OK,,END,audit.configuration,baae3a89-81f6-4b4a-a216-7cbaedcc401c,,,,Update,,,,,,,,,,,,,,,,,,,,,,,,,,,,,,,,,,,,,,,,8b14fc54trial,,,,,,,,,,,,,,,,,,,,,,,,,,,,,,,,,,,,,,,,,,,,,,,,,,,,,,,,,,,,,,,,,,,,,,,,,,,,,,,,,,,,,,,,,,,,,,,,,,,,,,,,,,,,,,,,,,,,,,,,,,,,,,,,,,,,,,,,,,,,,,,,,,,,,,,,,,,,,,,,,,,,,,,,,,,,,,,,,,,,,,,,,,,,,,,,,,,,,,,,,,,,,,,,,,,,,,,,,,,,,,,,,,,,,,,baae3a89-81f6-4b4a-a216-7cbaedcc401c,F84DED62-95CD-4121-8868-A3E824135A2A,,,,,b5bb3c03-f42c-4712-8848-ca0cb3169076,fa31b750-375f-4268-bee1-604811a89fd9,267b5620-3011-4c48-8e56-8d103876275b,Processed,https://api.cf.us10-001.hana.ondemand.com,8b14fc54trial,873fd53a-3461-4a23-ad99-ee4654f8bce3,"4,096MB",update,basiser@163.com,I999999,873fd53a-3461-4a23-ad99-ee4654f8bce3,cis eyJ1c2VyX2lkIjoiYmFzaXNlckAxNjMuY29tIn0=,Environment instance updated.,"Jul 5, 2026, 3:11:14 AM",basiser@163.com,"Jul 4, 2026, 12:18:42 PM",sb-cis-xsuaa-clone-for-cis-cf-cross-region-client!b4|cis-system!b4,baae3a89-81f6-4b4a-a216-7cbaedcc401c,cf-us10-001,basiser@163.com,TRIAL,sap.ids,True,SUBSCRIPTION,baae3a89-81f6-4b4a-a216-7cbaedcc401c,4,us10,b5bb3c03-f42c-4712-8848-ca0cb3169076,cis ,ACTIVE,,,,,,,,,,,,,,,,,,,,,,,,,,,,,,,,,,,,,,,,,,,,,,,,,,,,,,,,,,,,,,,,,,,,,,,,,,,,,,,,,,,,,,,,,,,,,,,,,,,,,,,,,,,,,,,,,,,,,,,,,,,,,,,,,
cb208a9e-f3c4-442c-9352-03dea09768ed,2026-07-05T03:11:14.125Z,baae3a89-81f6-4b4a-a216-7cbaedcc401c,919b493d-3272-406b-8409-9e2c37a6e197,84c7ec6d-d9ae-4d14-9ced-2189657fbdd5,undefined,6c410a91-aa3c-4c30-8051-a767925e0de1,basiser@163.com,audit.configuration,,cb208a9e-f3c4-442c-9352-03dea09768ed,basiser@163.com,2026-07-05T03:11:14.125357442Z,a6bab562-820a-438e-8706-87ebeed08246,True,UPDATE,com.sap.core.commercial.service.provisioning.ers.manager.model.ServiceInstance,com.sap.core.commercial.service.provisioning.ers.manager.model.ServiceInstance,,1448147,,,,,,,baae3a89-81f6-4b4a-a216-7cbaedcc401c,,,,,,UPDATING,,END,audit.configuration,baae3a89-81f6-4b4a-a216-7cbaedcc401c,,,,Update,,,,,,,,,,,,,,,,,,,,,,,,,,,,,,,,,,,,,,,,8b14fc54trial,,,,,,,,,,,,,,,,,,,,,,,,,,,,,,,,,,,,,,,,,,,,,,,,,,,,,,,,,,,,,,,,,,,,,,,,,,,,,,,,,,,,,,,,,,,,,,,,,,,,,,,,,,,,,,,,,,,,,,,,,,,,,,,,,,,,,,,,,,,,,,,,,,,,,,,,,,,,,,,,,,,,,,,,,,,,,,,,,,,,,,,,,,,,,,,,,,,,,,,,,,,,,,,,,,,,,,,,,,,,,,,,,,,,,,,baae3a89-81f6-4b4a-a216-7cbaedcc401c,F84DED62-95CD-4121-8868-A3E824135A2A,,,,,b5bb3c03-f42c-4712-8848-ca0cb3169076,fa31b750-375f-4268-bee1-604811a89fd9,267b5620-3011-4c48-8e56-8d103876275b,Processed,https://api.cf.us10-001.hana.ondemand.com,8b14fc54trial,873fd53a-3461-4a23-ad99-ee4654f8bce3,"4,096MB",update,basiser@163.com,I999999,873fd53a-3461-4a23-ad99-ee4654f8bce3,cis eyJ1c2VyX2lkIjoiYmFzaXNlckAxNjMuY29tIn0=,Successfully updated org [8b14fc54trial]. Instance ID: F84DED62-95CD-4121-8868-A3E824135A2A.,"Jul 5, 2026, 3:11:14 AM",basiser@163.com,"Jul 4, 2026, 12:18:42 PM",sb-cis-xsuaa-clone-for-cis-cf-cross-region-client!b4|cis-system!b4,baae3a89-81f6-4b4a-a216-7cbaedcc401c,cf-us10-001,basiser@163.com,TRIAL,sap.ids,True,SUBSCRIPTION,baae3a89-81f6-4b4a-a216-7cbaedcc401c,4,us10,b5bb3c03-f42c-4712-8848-ca0cb3169076,cis ,ACTIVE,,,,,,,,,,,,,,,,,,,,,,,,,,,,,,,,,,,,,,,,,,,,,,,,,,,,,,,,,,,,,,,,,,,,,,,,,,,,,,,,,,,,,,,,,,,,,,,,,,,,,,,,,,,,,,,,,,,,,,,,,,,,,,,,,
b8cf4cc5-90a0-4d24-a3a7-99269c32184b,2026-07-05T03:39:51.441Z,baae3a89-81f6-4b4a-a216-7cbaedcc401c,919b493d-3272-406b-8409-9e2c37a6e197,84c7ec6d-d9ae-4d14-9ced-2189657fbdd5,undefined,6c410a91-aa3c-4c30-8051-a767925e0de1,basiser@163.com,audit.configuration,,b8cf4cc5-90a0-4d24-a3a7-99269c32184b,basiser@163.com,2026-07-05T03:39:51.441177062Z,29934a4e-3a1b-4440-87ff-a7e7da3444ee,True,UPDATE,com.sap.core.commercial.service.registry.audit.RootSubscritpionCustomAuditingEntityListener$RootSubscriptionAuditLog,com.sap.core.commercial.service.registry.audit.RootSubscritpionCustomAuditingEntityListener$RootSubscriptionAuditLog,,15234034,automationpilot!t476660_baae3a89-81f6-4b4a-a216-7cbaedcc401c_automationpilot!t476660,68551362-c83a-4c46-8848-e8fb4be6c561,automationpilot!t476660,automationpilot!t476660,automationpilot,baae3a89-81f6-4b4a-a216-7cbaedcc401c,baae3a89-81f6-4b4a-a216-7cbaedcc401c,8efa6aef-7006-4660-9cbc-6df66de8ad32,8b14fc54trial,b5bb3c03-f42c-4712-8848-ca0cb3169076,free,1,IN_PROCESS,CONSUMER,END,audit.configuration,baae3a89-81f6-4b4a-a216-7cbaedcc401c,,,,,,,,,,,,,,,,,,,,,,,,,,,,,,,,,,,,,,,,,,,,,,,,,,,,,,,,,,,,,,,,,,,,,,,,,,,,,,,,,,,,,,,,,,,,,,,,,,,,,,,,,,,,,,,,,,,,,,,,,,,,,,,,,,,,,,,,,,,,,,,,,,,,,,,,,,,,,,,,,,,,,,,,,,,,,,,,,,,,,,,,,,,,,,,,,,,,,,,,,,,,,,,,,,,,,,,,,,,,,,,,,,,,,,,,,,,,,,,,,,,,,,,,,,,,,,,,,,,,,,,,,,,,,,,,,,,,,,,,,,,,,,,,,,,,,,,,,,,,,,,,,,,,,,,,,,,,,,,,,,,,,,,,,,,,,,,,,,,,,,,,,,,,,,,,,,,,,,,,,,,,,,,,,,,,,,,,,,,,,,,,,,,,,,,,,,,,,,,,,,,,,,,,,,,,,,,,,,,,,,,,,,,,,,,,,,,,,,,,
8bf4e0ad-ca85-4f9f-a567-942d69f17f80,2026-07-05T03:39:51.441Z,baae3a89-81f6-4b4a-a216-7cbaedcc401c,919b493d-3272-406b-8409-9e2c37a6e197,84c7ec6d-d9ae-4d14-9ced-2189657fbdd5,undefined,6c410a91-aa3c-4c30-8051-a767925e0de1,basiser@163.com,audit.configuration,,8bf4e0ad-ca85-4f9f-a567-942d69f17f80,basiser@163.com,2026-07-05T03:39:51.441173322Z,612c09c0-d65c-4639-a79e-2088a1efd478,True,CREATE,com.sap.core.commercial.service.registry.audit.RootSubscritpionCustomAuditingEntityListener$RootSubscriptionAuditLog,com.sap.core.commercial.service.registry.audit.RootSubscritpionCustomAuditingEntityListener$RootSubscriptionAuditLog,,15234034,automationpilot!t476660_baae3a89-81f6-4b4a-a216-7cbaedcc401c_automationpilot!t476660,68551362-c83a-4c46-8848-e8fb4be6c561,automationpilot!t476660,automationpilot!t476660,automationpilot,baae3a89-81f6-4b4a-a216-7cbaedcc401c,baae3a89-81f6-4b4a-a216-7cbaedcc401c,8efa6aef-7006-4660-9cbc-6df66de8ad32,8b14fc54trial,b5bb3c03-f42c-4712-8848-ca0cb3169076,free,1,IN_PROCESS,CONSUMER,END,audit.configuration,baae3a89-81f6-4b4a-a216-7cbaedcc401c,,,,,,,,,,,,,,,,,,,,,,,,,,,,,,,,,,,,,,,,,,,,,,,,,,,,,,,,,,,,,,,,,,,,,,,,,,,,,,,,,,,,,,,,,,,,,,,,,,,,,,,,,,,,,,,,,,,,,,,,,,,,,,,,,,,,,,,,,,,,,,,,,,,,,,,,,,,,,,,,,,,,,,,,,,,,,,,,,,,,,,,,,,,,,,,,,,,,,,,,,,,,,,,,,,,,,,,,,,,,,,,,,,,,,,,,,,,,,,,,,,,,,,,,,,,,,,,,,,,,,,,,,,,,,,,,,,,,,,,,,,,,,,,,,,,,,,,,,,,,,,,,,,,,,,,,,,,,,,,,,,,,,,,,,,,,,,,,,,,,,,,,,,,,,,,,,,,,,,,,,,,,,,,,,,,,,,,,,,,,,,,,,,,,,,,,,,,,,,,,,,,,,,,,,,,,,,,,,,,,,,,,,,,,,,,,,,,,,,,,
a722a284-8436-45c4-92ad-260c5ce539ff,2026-07-05T03:39:57.319Z,baae3a89-81f6-4b4a-a216-7cbaedcc401c,919b493d-3272-406b-8409-9e2c37a6e197,84c7ec6d-d9ae-4d14-9ced-2189657fbdd5,undefined,6c410a91-aa3c-4c30-8051-a767925e0de1,basiser@163.com,audit.configuration,,a722a284-8436-45c4-92ad-260c5ce539ff,basiser@163.com,2026-07-05T03:39:57.319456708Z,96fe9ee9-6002-4b83-9ed1-32d079e64621,True,UPDATE,com.sap.core.commercial.service.registry.audit.RootSubscritpionCustomAuditingEntityListener$RootSubscriptionAuditLog,com.sap.core.commercial.service.registry.audit.RootSubscritpionCustomAuditingEntityListener$RootSubscriptionAuditLog,,15234034,automationpilot!t476660_baae3a89-81f6-4b4a-a216-7cbaedcc401c_automationpilot!t476660,68551362-c83a-4c46-8848-e8fb4be6c561,automationpilot!t476660,automationpilot!t476660,automationpilot,baae3a89-81f6-4b4a-a216-7cbaedcc401c,baae3a89-81f6-4b4a-a216-7cbaedcc401c,8efa6aef-7006-4660-9cbc-6df66de8ad32,8b14fc54trial,b5bb3c03-f42c-4712-8848-ca0cb3169076,free,1,IN_PROCESS,CONSUMER,END,audit.configuration,baae3a89-81f6-4b4a-a216-7cbaedcc401c,https://8b14fc54trial.autopilot.cfapps.us10.hana.ondemand.com,,,,,,,,,,,,,,,,,,,,,,,,,,,,,,,,,,,,,,,,,,,,,,,,,,,,,,,,,,,,,,,,,,,,,,,,,,,,,,,,,,,,,,,,,,,,,,,,,,,,,,,,,,,,,,,,,,,,,,,,,,,,,,,,,,,,,,,,,,,,,,,,,,,,,,,,,,,,,,,,,,,,,,,,,,,,,,,,,,,,,,,,,,,,,,,,,,,,,,,,,,,,,,,,,,,,,,,,,,,,,,,,,,,,,,,,,,,,,,,,,,,,,,,,,,,,,,,,,,,,,,,,,,,,,,,,,,,,,,,,,,,,,,,,,,,,,,,,,,,,,,,,,,,,,,,,,,,,,,,,,,,,,,,,,,,,,,,,,,,,,,,,,,,,,,,,,,,,,,,,,,,,,,,,,,,,,,,,,,,,,,,,,,,,,,,,,,,,,,,,,,,,,,,,,,,,,,,,,,,,,,,,,,,,,,,,,,,,,,,
521e1551-f425-4376-800a-df5189149120,2026-07-05T03:39:57.750Z,baae3a89-81f6-4b4a-a216-7cbaedcc401c,919b493d-3272-406b-8409-9e2c37a6e197,84c7ec6d-d9ae-4d14-9ced-2189657fbdd5,undefined,6c410a91-aa3c-4c30-8051-a767925e0de1,basiser@163.com,audit.configuration,,521e1551-f425-4376-800a-df5189149120,basiser@163.com,2026-07-05T03:39:57.750337704Z,f523cf2a-1232-45fb-9e74-4e5d80bd9e2e,True,UPDATE,com.sap.core.commercial.service.registry.audit.RootSubscritpionCustomAuditingEntityListener$RootSubscriptionAuditLog,com.sap.core.commercial.service.registry.audit.RootSubscritpionCustomAuditingEntityListener$RootSubscriptionAuditLog,,15234034,automationpilot!t476660_baae3a89-81f6-4b4a-a216-7cbaedcc401c_automationpilot!t476660,68551362-c83a-4c46-8848-e8fb4be6c561,automationpilot!t476660,automationpilot!t476660,automationpilot,baae3a89-81f6-4b4a-a216-7cbaedcc401c,baae3a89-81f6-4b4a-a216-7cbaedcc401c,8efa6aef-7006-4660-9cbc-6df66de8ad32,8b14fc54trial,b5bb3c03-f42c-4712-8848-ca0cb3169076,free,1,SUBSCRIBED,CONSUMER,END,audit.configuration,baae3a89-81f6-4b4a-a216-7cbaedcc401c,https://8b14fc54trial.autopilot.cfapps.us10.hana.ondemand.com,,,,,,,,,,,,,,,,,,,,,,,,,,,,,,,,,,,,,,,,,,,,,,,,,,,,,,,,,,,,,,,,,,,,,,,,,,,,,,,,,,,,,,,,,,,,,,,,,,,,,,,,,,,,,,,,,,,,,,,,,,,,,,,,,,,,,,,,,,,,,,,,,,,,,,,,,,,,,,,,,,,,,,,,,,,,,,,,,,,,,,,,,,,,,,,,,,,,,,,,,,,,,,,,,,,,,,,,,,,,,,,,,,,,,,,,,,,,,,,,,,,,,,,,,,,,,,,,,,,,,,,,,,,,,,,,,,,,,,,,,,,,,,,,,,,,,,,,,,,,,,,,,,,,,,,,,,,,,,,,,,,,,,,,,,,,,,,,,,,,,,,,,,,,,,,,,,,,,,,,,,,,,,,,,,,,,,,,,,,,,,,,,,,,,,,,,,,,,,,,,,,,,,,,,,,,,,,,,,,,,,,,,,,,,,,,,,,,,,,
8c1e2a79-604f-4274-a6df-17aa963c6ecd,2026-07-05T09:01:59.473Z,baae3a89-81f6-4b4a-a216-7cbaedcc401c,919b493d-3272-406b-8409-9e2c37a6e197,84c7ec6d-d9ae-4d14-9ced-2189657fbdd5,undefined,6c410a91-aa3c-4c30-8051-a767925e0de1,basiser@163.com,audit.configuration,,8c1e2a79-604f-4274-a6df-17aa963c6ecd,basiser@163.com,2026-07-05T09:01:59.473894906Z,6f42068a-3f9c-489c-ada1-371340c29c85,True,CREATE,com.sap.core.commercial.service.registry.audit.RootSubscritpionCustomAuditingEntityListener$RootSubscriptionAuditLog,com.sap.core.commercial.service.registry.audit.RootSubscritpionCustomAuditingEntityListener$RootSubscriptionAuditLog,,15235537,alm-ts!t1603_baae3a89-81f6-4b4a-a216-7cbaedcc401c_alm-ts!t1603,9f587f72-0c29-4fa6-aaf5-26f8a9a0aaab,alm-ts!t1603,alm-ts!t1603,alm-ts,baae3a89-81f6-4b4a-a216-7cbaedcc401c,baae3a89-81f6-4b4a-a216-7cbaedcc401c,e0d7d9ca-a6fc-4558-af49-2d9b10297167,8b14fc54trial,b5bb3c03-f42c-4712-8848-ca0cb3169076,lite,1,IN_PROCESS,CONSUMER,END,audit.configuration,baae3a89-81f6-4b4a-a216-7cbaedcc401c,,,,,,,,,,,,,,,,,,,,,,,,,,,,,,,,,,,,,,,,,,,,,,,,,,,,,,,,,,,,,,,,,,,,,,,,,,,,,,,,,,,,,,,,,,,,,,,,,,,,,,,,,,,,,,,,,,,,,,,,,,,,,,,,,,,,,,,,,,,,,,,,,,,,,,,,,,,,,,,,,,,,,,,,,,,,,,,,,,,,,,,,,,,,,,,,,,,,,,,,,,,,,,,,,,,,,,,,,,,,,,,,,,,,,,,,,,,,,,,,,,,,,,,,,,,,,,,,,,,,,,,,,,,,,,,,,,,,,,,,,,,,,,,,,,,,,,,,,,,,,,,,,,,,,,,,,,,,,,,,,,,,,,,,,,,,,,,,,,,,,,,,,,,,,,,,,,,,,,,,,,,,,,,,,,,,,,,,,,,,,,,,,,,,,,,,,,,,,,,,,,,,,,,,,,,,,,,,,,,,,,,,,,,,,,,,,,,,,,,,
9a5c897a-9239-422c-a2a9-9ce9e29c1d7c,2026-07-05T09:01:59.473Z,baae3a89-81f6-4b4a-a216-7cbaedcc401c,919b493d-3272-406b-8409-9e2c37a6e197,84c7ec6d-d9ae-4d14-9ced-2189657fbdd5,undefined,6c410a91-aa3c-4c30-8051-a767925e0de1,basiser@163.com,audit.configuration,,9a5c897a-9239-422c-a2a9-9ce9e29c1d7c,basiser@163.com,2026-07-05T09:01:59.473904036Z,75fc1429-cc18-4dee-bd06-3c5396b1fbed,True,UPDATE,com.sap.core.commercial.service.registry.audit.RootSubscritpionCustomAuditingEntityListener$RootSubscriptionAuditLog,com.sap.core.commercial.service.registry.audit.RootSubscritpionCustomAuditingEntityListener$RootSubscriptionAuditLog,,15235537,alm-ts!t1603_baae3a89-81f6-4b4a-a216-7cbaedcc401c_alm-ts!t1603,9f587f72-0c29-4fa6-aaf5-26f8a9a0aaab,alm-ts!t1603,alm-ts!t1603,alm-ts,baae3a89-81f6-4b4a-a216-7cbaedcc401c,baae3a89-81f6-4b4a-a216-7cbaedcc401c,e0d7d9ca-a6fc-4558-af49-2d9b10297167,8b14fc54trial,b5bb3c03-f42c-4712-8848-ca0cb3169076,lite,1,IN_PROCESS,CONSUMER,END,audit.configuration,baae3a89-81f6-4b4a-a216-7cbaedcc401c,,,,,,,,,,,,,,,,,,,,,,,,,,,,,,,,,,,,,,,,,,,,,,,,,,,,,,,,,,,,,,,,,,,,,,,,,,,,,,,,,,,,,,,,,,,,,,,,,,,,,,,,,,,,,,,,,,,,,,,,,,,,,,,,,,,,,,,,,,,,,,,,,,,,,,,,,,,,,,,,,,,,,,,,,,,,,,,,,,,,,,,,,,,,,,,,,,,,,,,,,,,,,,,,,,,,,,,,,,,,,,,,,,,,,,,,,,,,,,,,,,,,,,,,,,,,,,,,,,,,,,,,,,,,,,,,,,,,,,,,,,,,,,,,,,,,,,,,,,,,,,,,,,,,,,,,,,,,,,,,,,,,,,,,,,,,,,,,,,,,,,,,,,,,,,,,,,,,,,,,,,,,,,,,,,,,,,,,,,,,,,,,,,,,,,,,,,,,,,,,,,,,,,,,,,,,,,,,,,,,,,,,,,,,,,,,,,,,,,,,
eff5bb2f-5359-46e5-bf76-309e53a84176,2026-07-05T09:02:25.273Z,baae3a89-81f6-4b4a-a216-7cbaedcc401c,919b493d-3272-406b-8409-9e2c37a6e197,84c7ec6d-d9ae-4d14-9ced-2189657fbdd5,undefined,6c410a91-aa3c-4c30-8051-a767925e0de1,basiser@163.com,audit.configuration,,eff5bb2f-5359-46e5-bf76-309e53a84176,basiser@163.com,2026-07-05T09:02:25.273168304Z,63d93024-dbf1-4ebd-9361-dfc57805998f,True,UPDATE,com.sap.core.commercial.service.registry.audit.RootSubscritpionCustomAuditingEntityListener$RootSubscriptionAuditLog,com.sap.core.commercial.service.registry.audit.RootSubscritpionCustomAuditingEntityListener$RootSubscriptionAuditLog,,15235537,alm-ts!t1603_baae3a89-81f6-4b4a-a216-7cbaedcc401c_alm-ts!t1603,9f587f72-0c29-4fa6-aaf5-26f8a9a0aaab,alm-ts!t1603,alm-ts!t1603,alm-ts,baae3a89-81f6-4b4a-a216-7cbaedcc401c,baae3a89-81f6-4b4a-a216-7cbaedcc401c,e0d7d9ca-a6fc-4558-af49-2d9b10297167,8b14fc54trial,b5bb3c03-f42c-4712-8848-ca0cb3169076,lite,1,IN_PROCESS,CONSUMER,END,audit.configuration,baae3a89-81f6-4b4a-a216-7cbaedcc401c,https://8b14fc54trial.ts.cfapps.us10.hana.ondemand.com,,,,,,,,,,,,,,,,,,,,,,,,,,,,,,,,,,,,,,,,,,,,,,,,,,,,,,,,,,,,,,,,,,,,,,,,,,,,,,,,,,,,,,,,,,,,,,,,,,,,,,,,,,,,,,,,,,,,,,,,,,,,,,,,,,,,,,,,,,,,,,,,,,,,,,,,,,,,,,,,,,,,,,,,,,,,,,,,,,,,,,,,,,,,,,,,,,,,,,,,,,,,,,,,,,,,,,,,,,,,,,,,,,,,,,,,,,,,,,,,,,,,,,,,,,,,,,,,,,,,,,,,,,,,,,,,,,,,,,,,,,,,,,,,,,,,,,,,,,,,,,,,,,,,,,,,,,,,,,,,,,,,,,,,,,,,,,,,,,,,,,,,,,,,,,,,,,,,,,,,,,,,,,,,,,,,,,,,,,,,,,,,,,,,,,,,,,,,,,,,,,,,,,,,,,,,,,,,,,,,,,,,,,,,,,,,,,,,,,,
1a6ea022-b039-4279-8434-6959c4d3bab9,2026-07-05T09:02:25.981Z,baae3a89-81f6-4b4a-a216-7cbaedcc401c,919b493d-3272-406b-8409-9e2c37a6e197,84c7ec6d-d9ae-4d14-9ced-2189657fbdd5,undefined,6c410a91-aa3c-4c30-8051-a767925e0de1,basiser@163.com,audit.configuration,,1a6ea022-b039-4279-8434-6959c4d3bab9,basiser@163.com,2026-07-05T09:02:25.981911437Z,12c3f7fe-3594-48f1-836a-7864c5dfa8ec,True,UPDATE,com.sap.core.commercial.service.registry.audit.RootSubscritpionCustomAuditingEntityListener$RootSubscriptionAuditLog,com.sap.core.commercial.service.registry.audit.RootSubscritpionCustomAuditingEntityListener$RootSubscriptionAuditLog,,15235537,alm-ts!t1603_baae3a89-81f6-4b4a-a216-7cbaedcc401c_alm-ts!t1603,9f587f72-0c29-4fa6-aaf5-26f8a9a0aaab,alm-ts!t1603,alm-ts!t1603,alm-ts,baae3a89-81f6-4b4a-a216-7cbaedcc401c,baae3a89-81f6-4b4a-a216-7cbaedcc401c,e0d7d9ca-a6fc-4558-af49-2d9b10297167,8b14fc54trial,b5bb3c03-f42c-4712-8848-ca0cb3169076,lite,1,SUBSCRIBED,CONSUMER,END,audit.configuration,baae3a89-81f6-4b4a-a216-7cbaedcc401c,https://8b14fc54trial.ts.cfapps.us10.hana.ondemand.com,,,,,,,,,,,,,,,,,,,,,,,,,,,,,,,,,,,,,,,,,,,,,,,,,,,,,,,,,,,,,,,,,,,,,,,,,,,,,,,,,,,,,,,,,,,,,,,,,,,,,,,,,,,,,,,,,,,,,,,,,,,,,,,,,,,,,,,,,,,,,,,,,,,,,,,,,,,,,,,,,,,,,,,,,,,,,,,,,,,,,,,,,,,,,,,,,,,,,,,,,,,,,,,,,,,,,,,,,,,,,,,,,,,,,,,,,,,,,,,,,,,,,,,,,,,,,,,,,,,,,,,,,,,,,,,,,,,,,,,,,,,,,,,,,,,,,,,,,,,,,,,,,,,,,,,,,,,,,,,,,,,,,,,,,,,,,,,,,,,,,,,,,,,,,,,,,,,,,,,,,,,,,,,,,,,,,,,,,,,,,,,,,,,,,,,,,,,,,,,,,,,,,,,,,,,,,,,,,,,,,,,,,,,,,,,,,,,,,,,
4bcfc362-f735-4e51-bde5-612039d8d116,2026-07-05T09:03:06.273Z,baae3a89-81f6-4b4a-a216-7cbaedcc401c,919b493d-3272-406b-8409-9e2c37a6e197,84c7ec6d-d9ae-4d14-9ced-2189657fbdd5,undefined,6c410a91-aa3c-4c30-8051-a767925e0de1,basiser@163.com,audit.configuration,,4bcfc362-f735-4e51-bde5-612039d8d116,basiser@163.com,2026-07-05T09:03:06.273223647Z,9b5e9409-f891-4c95-80ef-d6def1b1367e,True,CREATE,com.sap.core.commercial.service.registry.audit.RootSubscritpionCustomAuditingEntityListener$RootSubscriptionAuditLog,com.sap.core.commercial.service.registry.audit.RootSubscritpionCustomAuditingEntityListener$RootSubscriptionAuditLog,,15235539,cas-ui-xsuaa-prod!t6249_baae3a89-81f6-4b4a-a216-7cbaedcc401c_cas-ui-xsuaa-prod!t6249,672588b8-0a55-43f8-be0a-ba7d0ad54882,cas-ui-xsuaa-prod!t6249,cas-ui-xsuaa-prod!t6249,content-agent-ui,baae3a89-81f6-4b4a-a216-7cbaedcc401c,baae3a89-81f6-4b4a-a216-7cbaedcc401c,9712abe9-403c-40d1-b039-d8b4343874b2,8b14fc54trial,b5bb3c03-f42c-4712-8848-ca0cb3169076,free,1,IN_PROCESS,CONSUMER,END,audit.configuration,baae3a89-81f6-4b4a-a216-7cbaedcc401c,,,,,,,,,,,,,,,,,,,,,,,,,,,,,,,,,,,,,,,,,,,,,,,,,,,,,,,,,,,,,,,,,,,,,,,,,,,,,,,,,,,,,,,,,,,,,,,,,,,,,,,,,,,,,,,,,,,,,,,,,,,,,,,,,,,,,,,,,,,,,,,,,,,,,,,,,,,,,,,,,,,,,,,,,,,,,,,,,,,,,,,,,,,,,,,,,,,,,,,,,,,,,,,,,,,,,,,,,,,,,,,,,,,,,,,,,,,,,,,,,,,,,,,,,,,,,,,,,,,,,,,,,,,,,,,,,,,,,,,,,,,,,,,,,,,,,,,,,,,,,,,,,,,,,,,,,,,,,,,,,,,,,,,,,,,,,,,,,,,,,,,,,,,,,,,,,,,,,,,,,,,,,,,,,,,,,,,,,,,,,,,,,,,,,,,,,,,,,,,,,,,,,,,,,,,,,,,,,,,,,,,,,,,,,,,,,,,,,,,,
728452f2-ed88-496f-95f9-68ae019a473d,2026-07-05T09:03:06.273Z,baae3a89-81f6-4b4a-a216-7cbaedcc401c,919b493d-3272-406b-8409-9e2c37a6e197,84c7ec6d-d9ae-4d14-9ced-2189657fbdd5,undefined,6c410a91-aa3c-4c30-8051-a767925e0de1,basiser@163.com,audit.configuration,,728452f2-ed88-496f-95f9-68ae019a473d,basiser@163.com,2026-07-05T09:03:06.273243178Z,cd31e148-e0c9-41e5-99a0-eee7f38bb3a5,True,UPDATE,com.sap.core.commercial.service.registry.audit.RootSubscritpionCustomAuditingEntityListener$RootSubscriptionAuditLog,com.sap.core.commercial.service.registry.audit.RootSubscritpionCustomAuditingEntityListener$RootSubscriptionAuditLog,,15235539,cas-ui-xsuaa-prod!t6249_baae3a89-81f6-4b4a-a216-7cbaedcc401c_cas-ui-xsuaa-prod!t6249,672588b8-0a55-43f8-be0a-ba7d0ad54882,cas-ui-xsuaa-prod!t6249,cas-ui-xsuaa-prod!t6249,content-agent-ui,baae3a89-81f6-4b4a-a216-7cbaedcc401c,baae3a89-81f6-4b4a-a216-7cbaedcc401c,9712abe9-403c-40d1-b039-d8b4343874b2,8b14fc54trial,b5bb3c03-f42c-4712-8848-ca0cb3169076,free,1,IN_PROCESS,CONSUMER,END,audit.configuration,baae3a89-81f6-4b4a-a216-7cbaedcc401c,,,,,,,,,,,,,,,,,,,,,,,,,,,,,,,,,,,,,,,,,,,,,,,,,,,,,,,,,,,,,,,,,,,,,,,,,,,,,,,,,,,,,,,,,,,,,,,,,,,,,,,,,,,,,,,,,,,,,,,,,,,,,,,,,,,,,,,,,,,,,,,,,,,,,,,,,,,,,,,,,,,,,,,,,,,,,,,,,,,,,,,,,,,,,,,,,,,,,,,,,,,,,,,,,,,,,,,,,,,,,,,,,,,,,,,,,,,,,,,,,,,,,,,,,,,,,,,,,,,,,,,,,,,,,,,,,,,,,,,,,,,,,,,,,,,,,,,,,,,,,,,,,,,,,,,,,,,,,,,,,,,,,,,,,,,,,,,,,,,,,,,,,,,,,,,,,,,,,,,,,,,,,,,,,,,,,,,,,,,,,,,,,,,,,,,,,,,,,,,,,,,,,,,,,,,,,,,,,,,,,,,,,,,,,,,,,,,,,,,,
ac510a8b-2a3e-478d-9d4e-2fc4c16961c9,2026-07-05T09:03:12.248Z,baae3a89-81f6-4b4a-a216-7cbaedcc401c,919b493d-3272-406b-8409-9e2c37a6e197,84c7ec6d-d9ae-4d14-9ced-2189657fbdd5,undefined,6c410a91-aa3c-4c30-8051-a767925e0de1,basiser@163.com,audit.configuration,,ac510a8b-2a3e-478d-9d4e-2fc4c16961c9,basiser@163.com,2026-07-05T09:03:12.248155570Z,63a995d8-be4f-4084-a809-89e8a5819911,True,UPDATE,com.sap.core.commercial.service.registry.audit.RootSubscritpionCustomAuditingEntityListener$RootSubscriptionAuditLog,com.sap.core.commercial.service.registry.audit.RootSubscritpionCustomAuditingEntityListener$RootSubscriptionAuditLog,,15235539,cas-ui-xsuaa-prod!t6249_baae3a89-81f6-4b4a-a216-7cbaedcc401c_cas-ui-xsuaa-prod!t6249,672588b8-0a55-43f8-be0a-ba7d0ad54882,cas-ui-xsuaa-prod!t6249,cas-ui-xsuaa-prod!t6249,content-agent-ui,baae3a89-81f6-4b4a-a216-7cbaedcc401c,baae3a89-81f6-4b4a-a216-7cbaedcc401c,9712abe9-403c-40d1-b039-d8b4343874b2,8b14fc54trial,b5bb3c03-f42c-4712-8848-ca0cb3169076,free,1,SUBSCRIBED,CONSUMER,END,audit.configuration,baae3a89-81f6-4b4a-a216-7cbaedcc401c,https://8b14fc54trial.us10.content-agent.cloud.sap,,,,,,,,,,,,,,,,,,,,,,,,,,,,,,,,,,,,,,,,,,,,,,,,,,,,,,,,,,,,,,,,,,,,,,,,,,,,,,,,,,,,,,,,,,,,,,,,,,,,,,,,,,,,,,,,,,,,,,,,,,,,,,,,,,,,,,,,,,,,,,,,,,,,,,,,,,,,,,,,,,,,,,,,,,,,,,,,,,,,,,,,,,,,,,,,,,,,,,,,,,,,,,,,,,,,,,,,,,,,,,,,,,,,,,,,,,,,,,,,,,,,,,,,,,,,,,,,,,,,,,,,,,,,,,,,,,,,,,,,,,,,,,,,,,,,,,,,,,,,,,,,,,,,,,,,,,,,,,,,,,,,,,,,,,,,,,,,,,,,,,,,,,,,,,,,,,,,,,,,,,,,,,,,,,,,,,,,,,,,,,,,,,,,,,,,,,,,,,,,,,,,,,,,,,,,,,,,,,,,,,,,,,,,,,,,,,,,,,,
4c83fa08-4e94-42af-a038-63f72eff5623,2026-07-05T09:03:49.971Z,baae3a89-81f6-4b4a-a216-7cbaedcc401c,919b493d-3272-406b-8409-9e2c37a6e197,84c7ec6d-d9ae-4d14-9ced-2189657fbdd5,undefined,6c410a91-aa3c-4c30-8051-a767925e0de1,basiser@163.com,audit.configuration,,4c83fa08-4e94-42af-a038-63f72eff5623,basiser@163.com,2026-07-05T09:03:49.971867817Z,0eda20da-8955-461e-8ada-2dbbae7b81d7,True,UPDATE,com.sap.core.commercial.service.registry.audit.RootSubscritpionCustomAuditingEntityListener$RootSubscriptionAuditLog,com.sap.core.commercial.service.registry.audit.RootSubscritpionCustomAuditingEntityListener$RootSubscriptionAuditLog,,15235550,it-prov!t26655_baae3a89-81f6-4b4a-a216-7cbaedcc401c_it-prov!t26655,e8f9a223-fbc0-4b2c-8a26-e9cd29ffbeca,it-prov!t26655,it-prov!t26655,it-cpitrial05-prov,baae3a89-81f6-4b4a-a216-7cbaedcc401c,baae3a89-81f6-4b4a-a216-7cbaedcc401c,da3c8fc9-dff7-4380-b105-14b19262e1a2,8b14fc54trial,b5bb3c03-f42c-4712-8848-ca0cb3169076,trial,1,IN_PROCESS,CONSUMER,END,audit.configuration,baae3a89-81f6-4b4a-a216-7cbaedcc401c,,,,,,,,,,,,,,,,,,,,,,,,,,,,,,,,,,,,,,,,,,,,,,,,,,,,,,,,,,,,,,,,,,,,,,,,,,,,,,,,,,,,,,,,,,,,,,,,,,,,,,,,,,,,,,,,,,,,,,,,,,,,,,,,,,,,,,,,,,,,,,,,,,,,,,,,,,,,,,,,,,,,,,,,,,,,,,,,,,,,,,,,,,,,,,,,,,,,,,,,,,,,,,,,,,,,,,,,,,,,,,,,,,,,,,,,,,,,,,,,,,,,,,,,,,,,,,,,,,,,,,,,,,,,,,,,,,,,,,,,,,,,,,,,,,,,,,,,,,,,,,,,,,,,,,,,,,,,,,,,,,,,,,,,,,,,,,,,,,,,,,,,,,,,,,,,,,,,,,,,,,,,,,,,,,,,,,,,,,,,,,,,,,,,,,,,,,,,,,,,,,,,,,,,,,,,,,,,,,,,,,,,,,,,,,,,,,,,,,,,
a7aea09d-898d-4cdf-ae83-219a14f30a0d,2026-07-05T09:03:49.971Z,baae3a89-81f6-4b4a-a216-7cbaedcc401c,919b493d-3272-406b-8409-9e2c37a6e197,84c7ec6d-d9ae-4d14-9ced-2189657fbdd5,undefined,6c410a91-aa3c-4c30-8051-a767925e0de1,basiser@163.com,audit.configuration,,a7aea09d-898d-4cdf-ae83-219a14f30a0d,basiser@163.com,2026-07-05T09:03:49.971864597Z,a4a3247a-4a22-4b20-bd74-7c33e98ee625,True,CREATE,com.sap.core.commercial.service.registry.audit.RootSubscritpionCustomAuditingEntityListener$RootSubscriptionAuditLog,com.sap.core.commercial.service.registry.audit.RootSubscritpionCustomAuditingEntityListener$RootSubscriptionAuditLog,,15235550,it-prov!t26655_baae3a89-81f6-4b4a-a216-7cbaedcc401c_it-prov!t26655,e8f9a223-fbc0-4b2c-8a26-e9cd29ffbeca,it-prov!t26655,it-prov!t26655,it-cpitrial05-prov,baae3a89-81f6-4b4a-a216-7cbaedcc401c,baae3a89-81f6-4b4a-a216-7cbaedcc401c,da3c8fc9-dff7-4380-b105-14b19262e1a2,8b14fc54trial,b5bb3c03-f42c-4712-8848-ca0cb3169076,trial,1,IN_PROCESS,CONSUMER,END,audit.configuration,baae3a89-81f6-4b4a-a216-7cbaedcc401c,,,,,,,,,,,,,,,,,,,,,,,,,,,,,,,,,,,,,,,,,,,,,,,,,,,,,,,,,,,,,,,,,,,,,,,,,,,,,,,,,,,,,,,,,,,,,,,,,,,,,,,,,,,,,,,,,,,,,,,,,,,,,,,,,,,,,,,,,,,,,,,,,,,,,,,,,,,,,,,,,,,,,,,,,,,,,,,,,,,,,,,,,,,,,,,,,,,,,,,,,,,,,,,,,,,,,,,,,,,,,,,,,,,,,,,,,,,,,,,,,,,,,,,,,,,,,,,,,,,,,,,,,,,,,,,,,,,,,,,,,,,,,,,,,,,,,,,,,,,,,,,,,,,,,,,,,,,,,,,,,,,,,,,,,,,,,,,,,,,,,,,,,,,,,,,,,,,,,,,,,,,,,,,,,,,,,,,,,,,,,,,,,,,,,,,,,,,,,,,,,,,,,,,,,,,,,,,,,,,,,,,,,,,,,,,,,,,,,,,,
8e8fb265-4993-4114-8797-fc0a58b7e4c5,2026-07-05T09:03:55.107Z,baae3a89-81f6-4b4a-a216-7cbaedcc401c,919b493d-3272-406b-8409-9e2c37a6e197,84c7ec6d-d9ae-4d14-9ced-2189657fbdd5,undefined,6c410a91-aa3c-4c30-8051-a767925e0de1,basiser@163.com,audit.configuration,,8e8fb265-4993-4114-8797-fc0a58b7e4c5,basiser@163.com,2026-07-05T09:03:55.107792974Z,f784a5d7-d528-4227-a21c-d779ceed4215,True,UPDATE,com.sap.core.commercial.service.registry.audit.RootSubscritpionCustomAuditingEntityListener$RootSubscriptionAuditLog,com.sap.core.commercial.service.registry.audit.RootSubscritpionCustomAuditingEntityListener$RootSubscriptionAuditLog,,15235550,it-prov!t26655_baae3a89-81f6-4b4a-a216-7cbaedcc401c_it-prov!t26655,e8f9a223-fbc0-4b2c-8a26-e9cd29ffbeca,it-prov!t26655,it-prov!t26655,it-cpitrial05-prov,baae3a89-81f6-4b4a-a216-7cbaedcc401c,baae3a89-81f6-4b4a-a216-7cbaedcc401c,da3c8fc9-dff7-4380-b105-14b19262e1a2,8b14fc54trial,b5bb3c03-f42c-4712-8848-ca0cb3169076,trial,1,IN_PROCESS,CONSUMER,END,audit.configuration,baae3a89-81f6-4b4a-a216-7cbaedcc401c,https://8b14fc54trial.integrationsuite-trial.cfapps.us10-001.hana.ondemand.com,,,,,,,,,,,,,,,,,,,,,,,,,,,,,,,,,,,,,,,,,,,,,,,,,,,,,,,,,,,,,,,,,,,,,,,,,,,,,,,,,,,,,,,,,,,,,,,,,,,,,,,,,,,,,,,,,,,,,,,,,,,,,,,,,,,,,,,,,,,,,,,,,,,,,,,,,,,,,,,,,,,,,,,,,,,,,,,,,,,,,,,,,,,,,,,,,,,,,,,,,,,,,,,,,,,,,,,,,,,,,,,,,,,,,,,,,,,,,,,,,,,,,,,,,,,,,,,,,,,,,,,,,,,,,,,,,,,,,,,,,,,,,,,,,,,,,,,,,,,,,,,,,,,,,,,,,,,,,,,,,,,,,,,,,,,,,,,,,,,,,,,,,,,,,,,,,,,,,,,,,,,,,,,,,,,,,,,,,,,,,,,,,,,,,,,,,,,,,,,,,,,,,,,,,,,,,,,,,,,,,,,,,,,,,,,,,,,,,,,
23d7851f-e204-4209-ba87-441da635d61f,2026-07-05T09:03:56.342Z,baae3a89-81f6-4b4a-a216-7cbaedcc401c,919b493d-3272-406b-8409-9e2c37a6e197,84c7ec6d-d9ae-4d14-9ced-2189657fbdd5,undefined,6c410a91-aa3c-4c30-8051-a767925e0de1,basiser@163.com,audit.configuration,,23d7851f-e204-4209-ba87-441da635d61f,basiser@163.com,2026-07-05T09:03:56.342900356Z,498bd3f7-7510-4a80-8d92-cfcbe5767857,True,UPDATE,com.sap.core.commercial.service.registry.audit.RootSubscritpionCustomAuditingEntityListener$RootSubscriptionAuditLog,com.sap.core.commercial.service.registry.audit.RootSubscritpionCustomAuditingEntityListener$RootSubscriptionAuditLog,,15235550,it-prov!t26655_baae3a89-81f6-4b4a-a216-7cbaedcc401c_it-prov!t26655,e8f9a223-fbc0-4b2c-8a26-e9cd29ffbeca,it-prov!t26655,it-prov!t26655,it-cpitrial05-prov,baae3a89-81f6-4b4a-a216-7cbaedcc401c,baae3a89-81f6-4b4a-a216-7cbaedcc401c,da3c8fc9-dff7-4380-b105-14b19262e1a2,8b14fc54trial,b5bb3c03-f42c-4712-8848-ca0cb3169076,trial,1,SUBSCRIBED,CONSUMER,END,audit.configuration,baae3a89-81f6-4b4a-a216-7cbaedcc401c,https://8b14fc54trial.integrationsuite-trial.cfapps.us10-001.hana.ondemand.com,,,,,,,,,,,,,,,,,,,,,,,,,,,,,,,,,,,,,,,,,,,,,,,,,,,,,,,,,,,,,,,,,,,,,,,,,,,,,,,,,,,,,,,,,,,,,,,,,,,,,,,,,,,,,,,,,,,,,,,,,,,,,,,,,,,,,,,,,,,,,,,,,,,,,,,,,,,,,,,,,,,,,,,,,,,,,,,,,,,,,,,,,,,,,,,,,,,,,,,,,,,,,,,,,,,,,,,,,,,,,,,,,,,,,,,,,,,,,,,,,,,,,,,,,,,,,,,,,,,,,,,,,,,,,,,,,,,,,,,,,,,,,,,,,,,,,,,,,,,,,,,,,,,,,,,,,,,,,,,,,,,,,,,,,,,,,,,,,,,,,,,,,,,,,,,,,,,,,,,,,,,,,,,,,,,,,,,,,,,,,,,,,,,,,,,,,,,,,,,,,,,,,,,,,,,,,,,,,,,,,,,,,,,,,,,,,,,,,,,
162195ca-47a6-4e39-be2e-7ddd150d816d,2026-07-05T09:10:12.815Z,baae3a89-81f6-4b4a-a216-7cbaedcc401c,7648c768-bd9a-46c6-9c6e-45959363c0b1,613226db-3425-4c2f-b083-79d6b47dba2e,,e72127ba-e04d-4447-9f91-e3769bdd9d11,sb-tenant-onboarding!t4,audit.configuration,,162195ca-47a6-4e39-be2e-7ddd150d816d,sb-tenant-onboarding!t4,2026-07-05T09:10:12.815197539Z,f255527d-fcc6-4128-abd1-640c821c6120,True,SUBSCRIPTION,,SUBSCRIPTION,,,,,,,,,,,,,,,,,END,audit.configuration,baae3a89-81f6-4b4a-a216-7cbaedcc401c,,,,,,,,,,,,,,,,,,,,,,,,,,,,,,,,,,,,,,,,,,,,,,,,,,,,,,,,,,,,,,,Subscription successful,,,,,,,,,,,,,,,,,,,,,,,,,,,,,,,,,,,,,,,,,,,,,,,,,,,,,,,,,,,,,,,,,,,,,,,,,,,,,,,,,,,,,,,,,,,,,,,,,,,,,,,,,,,,,,,,,,,,,,,,,,,,,,,,,,,,,,,,,,,,,,,,,,,,,,,,,,,,,,,,,,,,,,,,,,,,,,,,,,,,,,,,,,,,,,,,,,,,,,,,,,,,,,,,,,,,,,,,,,,,,,,,,,,,,,,,,,,,,,,,,,,,,,,,,Subscription for subaccount baae3a89-81f6-4b4a-a216-7cbaedcc401c is successful,b5bb3c03-f42c-4712-8848-ca0cb3169076,baae3a89-81f6-4b4a-a216-7cbaedcc401c,trial,,,,,,,,,,,,,,,,,,,,,,,,,,,,,,,,,,,,,,,,,,,,,,,,,,,,,,,,,,,,,,,,,,,,,,,,,,,,,,,,,,,,,,,,,,,,,,,,,,,,,,,,,,,,,,,,,,,,,,,,,,,,,
ead787e9-e20d-40d5-9802-5c921c511f45,2026-07-05T09:19:12.429Z,baae3a89-81f6-4b4a-a216-7cbaedcc401c,febc431d-b02b-4d2e-a98f-bf3e0fa57e57,c1d66928-d734-43a5-a841-58267b865215,,a2c6a057-29b6-4537-801e-d11dd38e6abc,sb-a2c6a057-29b6-4537-801e-d11dd38e6abc!b26655|auditlog!b662,audit.configuration,,ead787e9-e20d-40d5-9802-5c921c511f45,sb-a2c6a057-29b6-4537-801e-d11dd38e6abc!b26655|auditlog!b662,2026-07-05T09:19:12.429459932Z,d94963d4-045b-4854-92f7-c16ed7e3f4eb,,Tenant Onboarding,,tenantName,,,,,,,,,,,,,,,,,,audit.configuration,baae3a89-81f6-4b4a-a216-7cbaedcc401c,,,,,,,,,,,,,,,,,,,,,,,,,,,,,,,,,,,,,,,,,,,,,,,,,,,,,,,,,,,,,,,8b14fc54trial,,,,,,,,,,,,,,,,,,,,,,,,,,,,,,,,,,,,,,,,,,,,,,,,,,,,,,,,,,,,,,,,,,,,,,,,,,,,,,,,,,,,,,,,,,,,,,,,,,,,,,,,,,,,,,,,,,,,,,,,,,,,,,,,,,,,,,,,,,,,,,,,,,,,,,,,,,,,,,,,,,,,,,,,,,,,,,,,,,,,,,,,,,,,,,,,,,,,,,,,,,,,,,,,,,,,,,,,,,,,,,,,,,,,,,,,,,,,,,,,,,,,,,,,,,,,,TENANT,Request received for Tenant Onboarding,,,,,,,,,,,,,,,,,,,,,,,,,,,,,,,,,,,,,,,,,,,,,,,,,,,,,,,,,,,,,,,,,,,,,,,,,,,,,,,,,,,,,,,,,,,,,,,,,,,,,,,,,,,,,,,,,,,,,,,,,,,
ead787e9-e20d-40d5-9802-5c921c511f45,2026-07-05T09:19:12.242Z,baae3a89-81f6-4b4a-a216-7cbaedcc401c,febc431d-b02b-4d2e-a98f-bf3e0fa57e57,c1d66928-d734-43a5-a841-58267b865215,,a2c6a057-29b6-4537-801e-d11dd38e6abc,sb-a2c6a057-29b6-4537-801e-d11dd38e6abc!b26655|auditlog!b662,audit.configuration,,ead787e9-e20d-40d5-9802-5c921c511f45,sb-a2c6a057-29b6-4537-801e-d11dd38e6abc!b26655|auditlog!b662,2026-07-05T09:19:12.242755571Z,ededeaa9-3579-4cc3-9d37-b46f8d18f851,,Tenant Onboarding,,tenantName,,,,,,,,,,,,,,,,,,audit.configuration,baae3a89-81f6-4b4a-a216-7cbaedcc401c,,,,,,,,,,,,,,,,,,,,,,,,,,,,,,,,,,,,,,,,,,,,,,,,,,,,,,,,,,,,,,,8b14fc54trial,,,,,,,,,,,,,,,,,,,,,,,,,,,,,,,,,,,,,,,,,,,,,,,,,,,,,,,,,,,,,,,,,,,,,,,,,,,,,,,,,,,,,,,,,,,,,,,,,,,,,,,,,,,,,,,,,,,,,,,,,,,,,,,,,,,,,,,,,,,,,,,,,,,,,,,,,,,,,,,,,,,,,,,,,,,,,,,,,,,,,,,,,,,,,,,,,,,,,,,,,,,,,,,,,,,,,,,,,,,,,,,,,,,,,,,,,,,,,,,,,,,,,,,,,,,,,TENANT,Request received for Tenant Onboarding,,,,,,,,,,,,,,,,,,,,,,,,,,,,,,,,,,,,,,,,,,,,,,,,,,,,,,,,,,,,,,,,,,,,,,,,,,,,,,,,,,,,,,,,,,,,,,,,,,,,,,,,,,,,,,,,,,,,,,,,,,,
899871c0-43f9-49d5-a825-a24daf8d7c03,2026-07-05T11:13:21.073Z,baae3a89-81f6-4b4a-a216-7cbaedcc401c,903e5cf9-8d23-47e5-98e2-26ef0af48edb,94dd4a43-f2b5-4808-9dec-9528ca43ff79,,6fc33211-70e4-40ca-9467-dd8285dfd55e,basiser@163.com,audit.configuration,,899871c0-43f9-49d5-a825-a24daf8d7c03,basiser@163.com,2026-07-05T11:13:21.073272553Z,0e043192-5855-4097-9f1a-90c224a3e69b,True,objectId,,ctms-qa-target,,,,,,,,,,,,,,,,,END,audit.configuration,baae3a89-81f6-4b4a-a216-7cbaedcc401c,,,,,,,,,,,,,,,,,,,,,,,,,,,,,,,,,,,,,,,,,,,,,,,,,,,,,,,,,,,,,,,,,,,,,,,,,,,,,,,,,,,,,,,,,,,,,,,,,,,,,,,,,,,,,,,,,,,,,,,,,,,,,,,,,,,,,,,,,,,,,,,,,,,,,,,,,,,,,,,,,,,,,,,,,,,,,,,,,,,,,,,,,,,,,,,,,,,,,,,,,,,,,,,,,,,,,,,,,,,,,,,,,,,,,,,,,,,,,,,,,,,,,,,,,,,,,,,,,,,,,,,,,,,,,,,,,,,,,,,,,,,,,,,,,,,,,,,,,,,,,,,,,,,,,,,,,,,,,,About to perform: CREATE from com.sap.cloud.cf.destinations.audit.AuditLogOperationHelper,About to perform,Create,com.sap.cloud.cf.destinations.audit.AuditLogOperationHelper,HTTP,COCKPIT,baae3a89-81f6-4b4a-a216-7cbaedcc401c,,a65a3f1e4d649e6b5f908540d5816978490a19034fd179e7d795bca6017a4e5d,e18952c03d7c3ba2d8f096b9ae34330c87a77ff67347d09b4e591541850d0527,BasicAuthentication,Internet,https://deploy-service.cf.us10-001.hana.ondemand.com/slprot/8b14fc54trial/DEV/slp,ctms-qa-target,8799d611fb8c34da812ede51d025050e2c642a5af51ef6530f303f9944c51669,,,,,,,,,,,,,,,,,,,,,,,,,,,,,,,,,,,,,,,,,,,,,,,,,,,,,,,,,,,,,,,,,,,,,,,,,,,,,,,,,,,,,,,,,,,,,,,,,,,,,,,,,,,,
b3d64b6e-16d2-4a8d-b1d3-ed035b18bd10,2026-07-05T11:13:21.073Z,baae3a89-81f6-4b4a-a216-7cbaedcc401c,903e5cf9-8d23-47e5-98e2-26ef0af48edb,94dd4a43-f2b5-4808-9dec-9528ca43ff79,,6fc33211-70e4-40ca-9467-dd8285dfd55e,basiser@163.com,audit.configuration,,b3d64b6e-16d2-4a8d-b1d3-ed035b18bd10,basiser@163.com,2026-07-05T11:13:21.073272553Z,b3e04d78-dc0d-4eff-bb75-d47278336d86,,objectId,,ctms-qa-target,,,,,,,,,,,,,,,,,BEGIN,audit.configuration,baae3a89-81f6-4b4a-a216-7cbaedcc401c,,,,,,,,,,,,,,,,,,,,,,,,,,,,,,,,,,,,,,,,,,,,,,,,,,,,,,,,,,,,,,,,,,,,,,,,,,,,,,,,,,,,,,,,,,,,,,,,,,,,,,,,,,,,,,,,,,,,,,,,,,,,,,,,,,,,,,,,,,,,,,,,,,,,,,,,,,,,,,,,,,,,,,,,,,,,,,,,,,,,,,,,,,,,,,,,,,,,,,,,,,,,,,,,,,,,,,,,,,,,,,,,,,,,,,,,,,,,,,,,,,,,,,,,,,,,,,,,,,,,,,,,,,,,,,,,,,,,,,,,,,,,,,,,,,,,,,,,,,,,,,,,,,,,,,,,,,,,,,About to perform: CREATE from com.sap.cloud.cf.destinations.audit.AuditLogOperationHelper,About to perform,Create,com.sap.cloud.cf.destinations.audit.AuditLogOperationHelper,HTTP,COCKPIT,baae3a89-81f6-4b4a-a216-7cbaedcc401c,,a65a3f1e4d649e6b5f908540d5816978490a19034fd179e7d795bca6017a4e5d,e18952c03d7c3ba2d8f096b9ae34330c87a77ff67347d09b4e591541850d0527,BasicAuthentication,Internet,https://deploy-service.cf.us10-001.hana.ondemand.com/slprot/8b14fc54trial/DEV/slp,ctms-qa-target,8799d611fb8c34da812ede51d025050e2c642a5af51ef6530f303f9944c51669,,,,,,,,,,,,,,,,,,,,,,,,,,,,,,,,,,,,,,,,,,,,,,,,,,,,,,,,,,,,,,,,,,,,,,,,,,,,,,,,,,,,,,,,,,,,,,,,,,,,,,,,,,,,
d21beab2-f14c-4cb7-ab6b-a65f526ab70f,2026-07-05T11:14:47.661Z,baae3a89-81f6-4b4a-a216-7cbaedcc401c,903e5cf9-8d23-47e5-98e2-26ef0af48edb,94dd4a43-f2b5-4808-9dec-9528ca43ff79,,6fc33211-70e4-40ca-9467-dd8285dfd55e,basiser@163.com,audit.configuration,,d21beab2-f14c-4cb7-ab6b-a65f526ab70f,basiser@163.com,2026-07-05T11:14:47.661851705Z,146f135e-001b-4df0-91fe-3c25b950664f,,objectId,,ctms-prd-target,,,,,,,,,,,,,,,,,BEGIN,audit.configuration,baae3a89-81f6-4b4a-a216-7cbaedcc401c,,,,,,,,,,,,,,,,,,,,,,,,,,,,,,,,,,,,,,,,,,,,,,,,,,,,,,,,,,,,,,,,,,,,,,,,,,,,,,,,,,,,,,,,,,,,,,,,,,,,,,,,,,,,,,,,,,,,,,,,,,,,,,,,,,,,,,,,,,,,,,,,,,,,,,,,,,,,,,,,,,,,,,,,,,,,,,,,,,,,,,,,,,,,,,,,,,,,,,,,,,,,,,,,,,,,,,,,,,,,,,,,,,,,,,,,,,,,,,,,,,,,,,,,,,,,,,,,,,,,,,,,,,,,,,,,,,,,,,,,,,,,,,,,,,,,,,,,,,,,,,,,,,,,,,,,,,,,,,About to perform: CREATE from com.sap.cloud.cf.destinations.audit.AuditLogOperationHelper,About to perform,Create,com.sap.cloud.cf.destinations.audit.AuditLogOperationHelper,HTTP,COCKPIT,baae3a89-81f6-4b4a-a216-7cbaedcc401c,,a65a3f1e4d649e6b5f908540d5816978490a19034fd179e7d795bca6017a4e5d,e18952c03d7c3ba2d8f096b9ae34330c87a77ff67347d09b4e591541850d0527,BasicAuthentication,Internet,https://deploy-service.cf.us10-001.hana.ondemand.com/slprot/8b14fc54trial/PRD/slp,ctms-prd-target,8799d611fb8c34da812ede51d025050e2c642a5af51ef6530f303f9944c51669,,,,,,,,,,,,,,,,,,,,,,,,,,,,,,,,,,,,,,,,,,,,,,,,,,,,,,,,,,,,,,,,,,,,,,,,,,,,,,,,,,,,,,,,,,,,,,,,,,,,,,,,,,,,
6166bd91-119a-4638-9d0f-2c88a4857efc,2026-07-05T11:14:47.661Z,baae3a89-81f6-4b4a-a216-7cbaedcc401c,903e5cf9-8d23-47e5-98e2-26ef0af48edb,94dd4a43-f2b5-4808-9dec-9528ca43ff79,,6fc33211-70e4-40ca-9467-dd8285dfd55e,basiser@163.com,audit.configuration,,6166bd91-119a-4638-9d0f-2c88a4857efc,basiser@163.com,2026-07-05T11:14:47.661851705Z,1d692b9d-723e-481a-ac55-f6026f5e8ac8,True,objectId,,ctms-prd-target,,,,,,,,,,,,,,,,,END,audit.configuration,baae3a89-81f6-4b4a-a216-7cbaedcc401c,,,,,,,,,,,,,,,,,,,,,,,,,,,,,,,,,,,,,,,,,,,,,,,,,,,,,,,,,,,,,,,,,,,,,,,,,,,,,,,,,,,,,,,,,,,,,,,,,,,,,,,,,,,,,,,,,,,,,,,,,,,,,,,,,,,,,,,,,,,,,,,,,,,,,,,,,,,,,,,,,,,,,,,,,,,,,,,,,,,,,,,,,,,,,,,,,,,,,,,,,,,,,,,,,,,,,,,,,,,,,,,,,,,,,,,,,,,,,,,,,,,,,,,,,,,,,,,,,,,,,,,,,,,,,,,,,,,,,,,,,,,,,,,,,,,,,,,,,,,,,,,,,,,,,,,,,,,,,,About to perform: CREATE from com.sap.cloud.cf.destinations.audit.AuditLogOperationHelper,About to perform,Create,com.sap.cloud.cf.destinations.audit.AuditLogOperationHelper,HTTP,COCKPIT,baae3a89-81f6-4b4a-a216-7cbaedcc401c,,a65a3f1e4d649e6b5f908540d5816978490a19034fd179e7d795bca6017a4e5d,e18952c03d7c3ba2d8f096b9ae34330c87a77ff67347d09b4e591541850d0527,BasicAuthentication,Internet,https://deploy-service.cf.us10-001.hana.ondemand.com/slprot/8b14fc54trial/PRD/slp,ctms-prd-target,8799d611fb8c34da812ede51d025050e2c642a5af51ef6530f303f9944c51669,,,,,,,,,,,,,,,,,,,,,,,,,,,,,,,,,,,,,,,,,,,,,,,,,,,,,,,,,,,,,,,,,,,,,,,,,,,,,,,,,,,,,,,,,,,,,,,,,,,,,,,,,,,,
90a902ec-af6f-4e19-ab4f-f5f1cd0810f0,2026-07-05T11:15:13.401Z,baae3a89-81f6-4b4a-a216-7cbaedcc401c,903e5cf9-8d23-47e5-98e2-26ef0af48edb,94dd4a43-f2b5-4808-9dec-9528ca43ff79,,6fc33211-70e4-40ca-9467-dd8285dfd55e,basiser@163.com,audit.configuration,,90a902ec-af6f-4e19-ab4f-f5f1cd0810f0,basiser@163.com,2026-07-05T11:15:13.401571058Z,cdb1e820-3b6e-4654-82e4-1ed7eb38b404,True,objectId,,changedConfigurationPropertyKeys,,,,,,,,,,,,,,,,,END,audit.configuration,baae3a89-81f6-4b4a-a216-7cbaedcc401c,,,,,,,,,,,,,,,,,,,,,,,,,,,,,,,,,,,,,,,,,,,,,,,,,,,,,,,,,,,,,,,"etag, URL",ctms-qa-target,,,,,,,,,,,,,,,,,,,,,,,,,,,,,,,,,,,,,,,,,,,,,,,,,,,,,,,,,,,,,,,,,,,,,,,,,,,,,,,,,,,,,,,,,,,,,,,,,,,,,,,,,,,,,,,,,,,,,,,,,,,,,,,,,,,,,,,,,,,,,,,,,,,,,,,,,,,,,,,,,,,,,,,,,,,,,,,,,,,,,,,,,,,,,,,,,,,,,,,,,,,,,,,,,,,,,,,,,,,,,,,,,,,,,,,,,,,,,,,,,,,,,,,,,,,,,,About to perform: UPDATE from com.sap.cloud.cf.destinations.audit.AuditLogOperationHelper,About to perform,Update,com.sap.cloud.cf.destinations.audit.AuditLogOperationHelper,,,,,,,,,,,,HTTP,1783250001449,,0ecef8850eed9e2bd2102edcede6322121ac35cec8e699a571c5f3bedd83dfd0,COCKPIT,CMK_V2,1783250001449,baae3a89-81f6-4b4a-a216-7cbaedcc401c,,a65a3f1e4d649e6b5f908540d5816978490a19034fd179e7d795bca6017a4e5d,e18952c03d7c3ba2d8f096b9ae34330c87a77ff67347d09b4e591541850d0527,BasicAuthentication,False,Internet,https://deploy-service.cf.us10-001.hana.ondemand.com/slprot/8b14fc54trial/DEV/slp,ctms-qa-target,8799d611fb8c34da812ede51d025050e2c642a5af51ef6530f303f9944c51669,HTTP,1783250001449,,14b452df02aa74c9e20257058ef1b7b819c9902f7564d273740bafb7353e8f21,COCKPIT,CMK_V2,1783250001449,baae3a89-81f6-4b4a-a216-7cbaedcc401c,,a65a3f1e4d649e6b5f908540d5816978490a19034fd179e7d795bca6017a4e5d,e18952c03d7c3ba2d8f096b9ae34330c87a77ff67347d09b4e591541850d0527,BasicAuthentication,False,Internet,https://deploy-service.cf.us10-001.hana.ondemand.com/slprot/8b14fc54trial/QAS/slp,ctms-qa-target,8799d611fb8c34da812ede51d025050e2c642a5af51ef6530f303f9944c51669,,,,,,,,,,,,,,,,,,,,,,,,,,,,,,,,,,,,,,,,,,,,,,,,,,,,,,,,,,,,,,,,,,,,,,,,,,
f7ac1661-eea4-4dd5-bc4a-57fe01648928,2026-07-05T11:15:13.401Z,baae3a89-81f6-4b4a-a216-7cbaedcc401c,903e5cf9-8d23-47e5-98e2-26ef0af48edb,94dd4a43-f2b5-4808-9dec-9528ca43ff79,,6fc33211-70e4-40ca-9467-dd8285dfd55e,basiser@163.com,audit.configuration,,f7ac1661-eea4-4dd5-bc4a-57fe01648928,basiser@163.com,2026-07-05T11:15:13.401571058Z,87451311-9128-4227-a140-9276aa82727b,,objectId,,changedConfigurationPropertyKeys,,,,,,,,,,,,,,,,,BEGIN,audit.configuration,baae3a89-81f6-4b4a-a216-7cbaedcc401c,,,,,,,,,,,,,,,,,,,,,,,,,,,,,,,,,,,,,,,,,,,,,,,,,,,,,,,,,,,,,,,"etag, URL",ctms-qa-target,,,,,,,,,,,,,,,,,,,,,,,,,,,,,,,,,,,,,,,,,,,,,,,,,,,,,,,,,,,,,,,,,,,,,,,,,,,,,,,,,,,,,,,,,,,,,,,,,,,,,,,,,,,,,,,,,,,,,,,,,,,,,,,,,,,,,,,,,,,,,,,,,,,,,,,,,,,,,,,,,,,,,,,,,,,,,,,,,,,,,,,,,,,,,,,,,,,,,,,,,,,,,,,,,,,,,,,,,,,,,,,,,,,,,,,,,,,,,,,,,,,,,,,,,,,,,,About to perform: UPDATE from com.sap.cloud.cf.destinations.audit.AuditLogOperationHelper,About to perform,Update,com.sap.cloud.cf.destinations.audit.AuditLogOperationHelper,,,,,,,,,,,,HTTP,1783250001449,,0ecef8850eed9e2bd2102edcede6322121ac35cec8e699a571c5f3bedd83dfd0,COCKPIT,CMK_V2,1783250001449,baae3a89-81f6-4b4a-a216-7cbaedcc401c,,a65a3f1e4d649e6b5f908540d5816978490a19034fd179e7d795bca6017a4e5d,e18952c03d7c3ba2d8f096b9ae34330c87a77ff67347d09b4e591541850d0527,BasicAuthentication,False,Internet,https://deploy-service.cf.us10-001.hana.ondemand.com/slprot/8b14fc54trial/DEV/slp,ctms-qa-target,8799d611fb8c34da812ede51d025050e2c642a5af51ef6530f303f9944c51669,HTTP,1783250001449,,14b452df02aa74c9e20257058ef1b7b819c9902f7564d273740bafb7353e8f21,COCKPIT,CMK_V2,1783250001449,baae3a89-81f6-4b4a-a216-7cbaedcc401c,,a65a3f1e4d649e6b5f908540d5816978490a19034fd179e7d795bca6017a4e5d,e18952c03d7c3ba2d8f096b9ae34330c87a77ff67347d09b4e591541850d0527,BasicAuthentication,False,Internet,https://deploy-service.cf.us10-001.hana.ondemand.com/slprot/8b14fc54trial/QAS/slp,ctms-qa-target,8799d611fb8c34da812ede51d025050e2c642a5af51ef6530f303f9944c51669,,,,,,,,,,,,,,,,,,,,,,,,,,,,,,,,,,,,,,,,,,,,,,,,,,,,,,,,,,,,,,,,,,,,,,,,,,
c4e8e4d8-b3b3-4349-ae76-d84ba3df3690,2026-07-05T11:20:49.586Z,baae3a89-81f6-4b4a-a216-7cbaedcc401c,903e5cf9-8d23-47e5-98e2-26ef0af48edb,94dd4a43-f2b5-4808-9dec-9528ca43ff79,,6fc33211-70e4-40ca-9467-dd8285dfd55e,basiser@163.com,audit.configuration,,c4e8e4d8-b3b3-4349-ae76-d84ba3df3690,basiser@163.com,2026-07-05T11:20:49.586234987Z,2de1810b-bb57-40be-b06b-19524b1d55f4,,objectId,,ctms-dev-target,,,,,,,,,,,,,,,,,BEGIN,audit.configuration,baae3a89-81f6-4b4a-a216-7cbaedcc401c,,,,,,,,,,,,,,,,,,,,,,,,,,,,,,,,,,,,,,,,,,,,,,,,,,,,,,,,,,,,,,,,,,,,,,,,,,,,,,,,,,,,,,,,,,,,,,,,,,,,,,,,,,,,,,,,,,,,,,,,,,,,,,,,,,,,,,,,,,,,,,,,,,,,,,,,,,,,,,,,,,,,,,,,,,,,,,,,,,,,,,,,,,,,,,,,,,,,,,,,,,,,,,,,,,,,,,,,,,,,,,,,,,,,,,,,,,,,,,,,,,,,,,,,,,,,,,,,,,,,,,,,,,,,,,,,,,,,,,,,,,,,,,,,,,,,,,,,,,,,,,,,,,,,,,,,,,,,,,About to perform: CREATE from com.sap.cloud.cf.destinations.audit.AuditLogOperationHelper,About to perform,Create,com.sap.cloud.cf.destinations.audit.AuditLogOperationHelper,HTTP,COCKPIT,baae3a89-81f6-4b4a-a216-7cbaedcc401c,,a65a3f1e4d649e6b5f908540d5816978490a19034fd179e7d795bca6017a4e5d,e18952c03d7c3ba2d8f096b9ae34330c87a77ff67347d09b4e591541850d0527,BasicAuthentication,Internet,https://deploy-service.cf.us10-001.hana.ondemand.com/slprot/8b14fc54trial/DEV/slp,ctms-dev-target,8799d611fb8c34da812ede51d025050e2c642a5af51ef6530f303f9944c51669,,,,,,,,,,,,,,,,,,,,,,,,,,,,,,,,,,,,,,,,,,,,,,,,,,,,,,,,,,,,,,,,,,,,,,,,,,,,,,,,,,,,,,,,,,,,,,,,,,,,,,,,,,,,
5a41111b-f84a-48fc-95ac-b9aef9eb0cd3,2026-07-05T11:20:49.586Z,baae3a89-81f6-4b4a-a216-7cbaedcc401c,903e5cf9-8d23-47e5-98e2-26ef0af48edb,94dd4a43-f2b5-4808-9dec-9528ca43ff79,,6fc33211-70e4-40ca-9467-dd8285dfd55e,basiser@163.com,audit.configuration,,5a41111b-f84a-48fc-95ac-b9aef9eb0cd3,basiser@163.com,2026-07-05T11:20:49.586234987Z,16a1eef3-de38-4b41-a6c5-0824b8d04c62,False,objectId,,ctms-dev-target,,,,,,,,,,,,,,,,,END,audit.configuration,baae3a89-81f6-4b4a-a216-7cbaedcc401c,,,,,,,,,,,,,,,,,,,,,,,,,,,,,,,,,,,,,,,,,,,,,,,,,,,,,,,,,,,,,,,,,,,,,,,,,,,,,,,,,,,,,,,,,,,,,,,,,,,,,,,,,,,,,,,,,,,,,,,,,,,,,,,,,,,,,,,,,,,,,,,,,,,,,,,,,,,,,,,,,,,,,,,,,,,,,,,,,,,,,,,,,,,,,,,,,,,,,,,,,,,,,,,,,,,,,,,,,,,,,,,,,,,,,,,,,,,,,,,,,,,,,,,,,,,,,,,,,,,,,,,,,,,,,,,,,,,,,,,,,,,,,,,,,,,,,,,,,,,,,,,,,,,,,,,,,,,,,,About to perform: CREATE from com.sap.cloud.cf.destinations.audit.AuditLogOperationHelper,About to perform,Create,com.sap.cloud.cf.destinations.audit.AuditLogOperationHelper,HTTP,COCKPIT,baae3a89-81f6-4b4a-a216-7cbaedcc401c,,a65a3f1e4d649e6b5f908540d5816978490a19034fd179e7d795bca6017a4e5d,e18952c03d7c3ba2d8f096b9ae34330c87a77ff67347d09b4e591541850d0527,BasicAuthentication,Internet,https://deploy-service.cf.us10-001.hana.ondemand.com/slprot/8b14fc54trial/DEV/slp,ctms-dev-target,8799d611fb8c34da812ede51d025050e2c642a5af51ef6530f303f9944c51669,,,,,,,,,,,,,,,,,,,,,,,,,,,,,,,,,,,,,,,,,,,,,,,,,,,,,,,,,,,,,,,,,,,,,,,,,,,,,,,,,,,,,,,,,,,,,,,,,,,,,,,,,,,,
4720b88a-cb45-404e-b04d-a35ef85ddffe,2026-07-05T11:20:49.550Z,baae3a89-81f6-4b4a-a216-7cbaedcc401c,903e5cf9-8d23-47e5-98e2-26ef0af48edb,94dd4a43-f2b5-4808-9dec-9528ca43ff79,,6fc33211-70e4-40ca-9467-dd8285dfd55e,basiser@163.com,audit.configuration,,4720b88a-cb45-404e-b04d-a35ef85ddffe,basiser@163.com,2026-07-05T11:20:49.550787990Z,aff68d29-2b44-42d0-a946-c4ba2a24bcae,True,objectId,,ctms-dev-target,,,,,,,,,,,,,,,,,END,audit.configuration,baae3a89-81f6-4b4a-a216-7cbaedcc401c,,,,,,,,,,,,,,,,,,,,,,,,,,,,,,,,,,,,,,,,,,,,,,,,,,,,,,,,,,,,,,,,,,,,,,,,,,,,,,,,,,,,,,,,,,,,,,,,,,,,,,,,,,,,,,,,,,,,,,,,,,,,,,,,,,,,,,,,,,,,,,,,,,,,,,,,,,,,,,,,,,,,,,,,,,,,,,,,,,,,,,,,,,,,,,,,,,,,,,,,,,,,,,,,,,,,,,,,,,,,,,,,,,,,,,,,,,,,,,,,,,,,,,,,,,,,,,,,,,,,,,,,,,,,,,,,,,,,,,,,,,,,,,,,,,,,,,,,,,,,,,,,,,,,,,,,,,,,,,About to perform: CREATE from com.sap.cloud.cf.destinations.audit.AuditLogOperationHelper,About to perform,Create,com.sap.cloud.cf.destinations.audit.AuditLogOperationHelper,HTTP,COCKPIT,baae3a89-81f6-4b4a-a216-7cbaedcc401c,,a65a3f1e4d649e6b5f908540d5816978490a19034fd179e7d795bca6017a4e5d,e18952c03d7c3ba2d8f096b9ae34330c87a77ff67347d09b4e591541850d0527,BasicAuthentication,Internet,https://deploy-service.cf.us10-001.hana.ondemand.com/slprot/8b14fc54trial/DEV/slp,ctms-dev-target,8799d611fb8c34da812ede51d025050e2c642a5af51ef6530f303f9944c51669,,,,,,,,,,,,,,,,,,,,,,,,,,,,,,,,,,,,,,,,,,,,,,,,,,,,,,,,,,,,,,,,,,,,,,,,,,,,,,,,,,,,,,,,,,,,,,,,,,,,,,,,,,,,
3427ffd3-0b75-45da-ab22-52b29159b602,2026-07-05T11:20:49.550Z,baae3a89-81f6-4b4a-a216-7cbaedcc401c,903e5cf9-8d23-47e5-98e2-26ef0af48edb,94dd4a43-f2b5-4808-9dec-9528ca43ff79,,6fc33211-70e4-40ca-9467-dd8285dfd55e,basiser@163.com,audit.configuration,,3427ffd3-0b75-45da-ab22-52b29159b602,basiser@163.com,2026-07-05T11:20:49.550787990Z,7cce5ce4-d3ec-4de8-a5f8-7da00e9783e5,,objectId,,ctms-dev-target,,,,,,,,,,,,,,,,,BEGIN,audit.configuration,baae3a89-81f6-4b4a-a216-7cbaedcc401c,,,,,,,,,,,,,,,,,,,,,,,,,,,,,,,,,,,,,,,,,,,,,,,,,,,,,,,,,,,,,,,,,,,,,,,,,,,,,,,,,,,,,,,,,,,,,,,,,,,,,,,,,,,,,,,,,,,,,,,,,,,,,,,,,,,,,,,,,,,,,,,,,,,,,,,,,,,,,,,,,,,,,,,,,,,,,,,,,,,,,,,,,,,,,,,,,,,,,,,,,,,,,,,,,,,,,,,,,,,,,,,,,,,,,,,,,,,,,,,,,,,,,,,,,,,,,,,,,,,,,,,,,,,,,,,,,,,,,,,,,,,,,,,,,,,,,,,,,,,,,,,,,,,,,,,,,,,,,,About to perform: CREATE from com.sap.cloud.cf.destinations.audit.AuditLogOperationHelper,About to perform,Create,com.sap.cloud.cf.destinations.audit.AuditLogOperationHelper,HTTP,COCKPIT,baae3a89-81f6-4b4a-a216-7cbaedcc401c,,a65a3f1e4d649e6b5f908540d5816978490a19034fd179e7d795bca6017a4e5d,e18952c03d7c3ba2d8f096b9ae34330c87a77ff67347d09b4e591541850d0527,BasicAuthentication,Internet,https://deploy-service.cf.us10-001.hana.ondemand.com/slprot/8b14fc54trial/DEV/slp,ctms-dev-target,8799d611fb8c34da812ede51d025050e2c642a5af51ef6530f303f9944c51669,,,,,,,,,,,,,,,,,,,,,,,,,,,,,,,,,,,,,,,,,,,,,,,,,,,,,,,,,,,,,,,,,,,,,,,,,,,,,,,,,,,,,,,,,,,,,,,,,,,,,,,,,,,,
78a88aea-feec-49a0-a561-9f7398ec77bb,2026-07-05T11:21:04.073Z,baae3a89-81f6-4b4a-a216-7cbaedcc401c,903e5cf9-8d23-47e5-98e2-26ef0af48edb,94dd4a43-f2b5-4808-9dec-9528ca43ff79,,6fc33211-70e4-40ca-9467-dd8285dfd55e,basiser@163.com,audit.configuration,,78a88aea-feec-49a0-a561-9f7398ec77bb,basiser@163.com,2026-07-05T11:21:04.073112358Z,3343a8e5-eb14-421e-9083-b41c32f65516,,objectId,,ctms-dev-target,,,,,,,,,,,,,,,,,BEGIN,audit.configuration,baae3a89-81f6-4b4a-a216-7cbaedcc401c,,,,,,,,,,,,,,,,,,,,,,,,,,,,,,,,,,,,,,,,,,,,,,,,,,,,,,,,,,,,,,,,,,,,,,,,,,,,,,,,,,,,,,,,,,,,,,,,,,,,,,,,,,,,,,,,,,,,,,,,,,,,,,,,,,,,,,,,,,,,,,,,,,,,,,,,,,,,,,,,,,,,,,,,,,,,,,,,,,,,,,,,,,,,,,,,,,,,,,,,,,,,,,,,,,,,,,,,,,,,,,,,,,,,,,,,,,,,,,,,,,,,,,,,,,,,,,,,,,,,,,,,,,,,,,,,,,,,,,,,,,,,,,,,,,,,,,,,,,,,,,,,,,,,,,,,,,,,,,About to perform: CREATE from com.sap.cloud.cf.destinations.audit.AuditLogOperationHelper,About to perform,Create,com.sap.cloud.cf.destinations.audit.AuditLogOperationHelper,HTTP,COCKPIT,baae3a89-81f6-4b4a-a216-7cbaedcc401c,,a65a3f1e4d649e6b5f908540d5816978490a19034fd179e7d795bca6017a4e5d,e18952c03d7c3ba2d8f096b9ae34330c87a77ff67347d09b4e591541850d0527,BasicAuthentication,Internet,https://deploy-service.cf.us10-001.hana.ondemand.com/slprot/8b14fc54trial/DEV/slp,ctms-dev-target,8799d611fb8c34da812ede51d025050e2c642a5af51ef6530f303f9944c51669,,,,,,,,,,,,,,,,,,,,,,,,,,,,,,,,,,,,,,,,,,,,,,,,,,,,,,,,,,,,,,,,,,,,,,,,,,,,,,,,,,,,,,,,,,,,,,,,,,,,,,,,,,,,
ba82cd46-e3d9-4314-b9a9-e59fb8205921,2026-07-05T11:21:04.073Z,baae3a89-81f6-4b4a-a216-7cbaedcc401c,903e5cf9-8d23-47e5-98e2-26ef0af48edb,94dd4a43-f2b5-4808-9dec-9528ca43ff79,,6fc33211-70e4-40ca-9467-dd8285dfd55e,basiser@163.com,audit.configuration,,ba82cd46-e3d9-4314-b9a9-e59fb8205921,basiser@163.com,2026-07-05T11:21:04.073112358Z,06a05b93-7a21-4c38-80c0-218ef9782647,False,objectId,,ctms-dev-target,,,,,,,,,,,,,,,,,END,audit.configuration,baae3a89-81f6-4b4a-a216-7cbaedcc401c,,,,,,,,,,,,,,,,,,,,,,,,,,,,,,,,,,,,,,,,,,,,,,,,,,,,,,,,,,,,,,,,,,,,,,,,,,,,,,,,,,,,,,,,,,,,,,,,,,,,,,,,,,,,,,,,,,,,,,,,,,,,,,,,,,,,,,,,,,,,,,,,,,,,,,,,,,,,,,,,,,,,,,,,,,,,,,,,,,,,,,,,,,,,,,,,,,,,,,,,,,,,,,,,,,,,,,,,,,,,,,,,,,,,,,,,,,,,,,,,,,,,,,,,,,,,,,,,,,,,,,,,,,,,,,,,,,,,,,,,,,,,,,,,,,,,,,,,,,,,,,,,,,,,,,,,,,,,,,About to perform: CREATE from com.sap.cloud.cf.destinations.audit.AuditLogOperationHelper,About to perform,Create,com.sap.cloud.cf.destinations.audit.AuditLogOperationHelper,HTTP,COCKPIT,baae3a89-81f6-4b4a-a216-7cbaedcc401c,,a65a3f1e4d649e6b5f908540d5816978490a19034fd179e7d795bca6017a4e5d,e18952c03d7c3ba2d8f096b9ae34330c87a77ff67347d09b4e591541850d0527,BasicAuthentication,Internet,https://deploy-service.cf.us10-001.hana.ondemand.com/slprot/8b14fc54trial/DEV/slp,ctms-dev-target,8799d611fb8c34da812ede51d025050e2c642a5af51ef6530f303f9944c51669,,,,,,,,,,,,,,,,,,,,,,,,,,,,,,,,,,,,,,,,,,,,,,,,,,,,,,,,,,,,,,,,,,,,,,,,,,,,,,,,,,,,,,,,,,,,,,,,,,,,,,,,,,,,
9ea1f1cc-3bd0-469b-ae5f-a1300b4050bf,2026-07-05T13:02:31.167Z,baae3a89-81f6-4b4a-a216-7cbaedcc401c,903e5cf9-8d23-47e5-98e2-26ef0af48edb,94dd4a43-f2b5-4808-9dec-9528ca43ff79,,6fc33211-70e4-40ca-9467-dd8285dfd55e,basiser@163.com,audit.configuration,,9ea1f1cc-3bd0-469b-ae5f-a1300b4050bf,basiser@163.com,2026-07-05T13:02:31.167919156Z,d6bc6e01-57b1-4fd3-96a5-e016d7387332,True,objectId,,TransportManagementService,,,,,,,,,,,,,,,,,END,audit.configuration,baae3a89-81f6-4b4a-a216-7cbaedcc401c,,,,,,,,,,,,,,,,,,,,,,,,,,,,,,,,,,,,,,,,,,,,,,,,,,,,,,,,,,,,,,,,,,,,,,,,,,,,,,,,,,,,,,,,,,,,,,,,,,,,,,,,,,,,,,,,,,,,,,,,,,,,,,,,,,,,,,,,,,,,,,,,,,,,,,,,,,,,,,,,,,,,,,,,,,,,,,,,,,,,,,,,,,,,,,,,,,,,,,,,,,,,,,,,,,,,,,,,,,,,,,,,,,,,,,,,,,,,,,,,,,,,,,,,,,,,,,,,,,,,,,,,,,,,,,,,,,,,,,,,,,,,,,,,,,,,,,,,,,,,,,,,,,,,,,,,,,,,,,About to perform: CREATE from com.sap.cloud.cf.destinations.audit.AuditLogOperationHelper,About to perform,Create,com.sap.cloud.cf.destinations.audit.AuditLogOperationHelper,HTTP,COCKPIT,baae3a89-81f6-4b4a-a216-7cbaedcc401c,,a65a3f1e4d649e6b5f908540d5816978490a19034fd179e7d795bca6017a4e5d,,OAuth2ClientCredentials,Internet,https://8b14fc54trial.authentication.us10.hana.ondemand.com,TransportManagementService,,,,,,,,,,,,,,,,,,,,,,,,,,,,,,,,,,,,ab53d138b210cf04b020bd1384711c47b950a32cb434476244f23c9689229f88,e0b92a32fffd6ad202c29036cb8471075c6c62950eca430f416a03f4b36193b7,aa9dd46e47601b3fcbf39a20c6cf25c4486f2b205dc6a1c2cc81e83d21a513c4,94b01635807a9295583512df181960302abdbed310b2b8dad64538de497ef3df,aa9dd46e47601b3fcbf39a20c6cf25c4486f2b205dc6a1c2cc81e83d21a513c4,36c2019300671058d2e956c134457141d6dae5cecbd24759cc3e22bf094de3cf,aa9dd46e47601b3fcbf39a20c6cf25c4486f2b205dc6a1c2cc81e83d21a513c4,aa9dd46e47601b3fcbf39a20c6cf25c4486f2b205dc6a1c2cc81e83d21a513c4,,,,,,,,,,,,,,,,,,,,,,,,,,,,,,,,,,,,,,,,,,,,,,,,,,,,,,,,,,,,,,,,,,
c86d8efc-f8a3-450f-ab13-f7a8ca9bbe5f,2026-07-05T13:02:31.167Z,baae3a89-81f6-4b4a-a216-7cbaedcc401c,903e5cf9-8d23-47e5-98e2-26ef0af48edb,94dd4a43-f2b5-4808-9dec-9528ca43ff79,,6fc33211-70e4-40ca-9467-dd8285dfd55e,basiser@163.com,audit.configuration,,c86d8efc-f8a3-450f-ab13-f7a8ca9bbe5f,basiser@163.com,2026-07-05T13:02:31.167919156Z,cd5b5ece-f5bc-471c-8074-481373a4eef6,,objectId,,TransportManagementService,,,,,,,,,,,,,,,,,BEGIN,audit.configuration,baae3a89-81f6-4b4a-a216-7cbaedcc401c,,,,,,,,,,,,,,,,,,,,,,,,,,,,,,,,,,,,,,,,,,,,,,,,,,,,,,,,,,,,,,,,,,,,,,,,,,,,,,,,,,,,,,,,,,,,,,,,,,,,,,,,,,,,,,,,,,,,,,,,,,,,,,,,,,,,,,,,,,,,,,,,,,,,,,,,,,,,,,,,,,,,,,,,,,,,,,,,,,,,,,,,,,,,,,,,,,,,,,,,,,,,,,,,,,,,,,,,,,,,,,,,,,,,,,,,,,,,,,,,,,,,,,,,,,,,,,,,,,,,,,,,,,,,,,,,,,,,,,,,,,,,,,,,,,,,,,,,,,,,,,,,,,,,,,,,,,,,,,About to perform: CREATE from com.sap.cloud.cf.destinations.audit.AuditLogOperationHelper,About to perform,Create,com.sap.cloud.cf.destinations.audit.AuditLogOperationHelper,HTTP,COCKPIT,baae3a89-81f6-4b4a-a216-7cbaedcc401c,,a65a3f1e4d649e6b5f908540d5816978490a19034fd179e7d795bca6017a4e5d,,OAuth2ClientCredentials,Internet,https://8b14fc54trial.authentication.us10.hana.ondemand.com,TransportManagementService,,,,,,,,,,,,,,,,,,,,,,,,,,,,,,,,,,,,ab53d138b210cf04b020bd1384711c47b950a32cb434476244f23c9689229f88,e0b92a32fffd6ad202c29036cb8471075c6c62950eca430f416a03f4b36193b7,aa9dd46e47601b3fcbf39a20c6cf25c4486f2b205dc6a1c2cc81e83d21a513c4,94b01635807a9295583512df181960302abdbed310b2b8dad64538de497ef3df,aa9dd46e47601b3fcbf39a20c6cf25c4486f2b205dc6a1c2cc81e83d21a513c4,36c2019300671058d2e956c134457141d6dae5cecbd24759cc3e22bf094de3cf,aa9dd46e47601b3fcbf39a20c6cf25c4486f2b205dc6a1c2cc81e83d21a513c4,aa9dd46e47601b3fcbf39a20c6cf25c4486f2b205dc6a1c2cc81e83d21a513c4,,,,,,,,,,,,,,,,,,,,,,,,,,,,,,,,,,,,,,,,,,,,,,,,,,,,,,,,,,,,,,,,,,
99c21821-41de-4e48-99d2-c7e1b444ab8d,2026-07-05T13:02:31.320Z,baae3a89-81f6-4b4a-a216-7cbaedcc401c,903e5cf9-8d23-47e5-98e2-26ef0af48edb,94dd4a43-f2b5-4808-9dec-9528ca43ff79,,6fc33211-70e4-40ca-9467-dd8285dfd55e,basiser@163.com,audit.configuration,,99c21821-41de-4e48-99d2-c7e1b444ab8d,basiser@163.com,2026-07-05T13:02:31.320436257Z,1b00280b-d9f3-4d54-8b74-bb6712639b6e,,objectId,,TransportManagementService,,,,,,,,,,,,,,,,,BEGIN,audit.configuration,baae3a89-81f6-4b4a-a216-7cbaedcc401c,,,,,,,,,,,,,,,,,,,,,,,,,,,,,,,,,,,,,,,,,,,,,,,,,,,,,,,,,,,,,,,,,,,,,,,,,,,,,,,,,,,,,,,,,,,,,,,,,,,,,,,,,,,,,,,,,,,,,,,,,,,,,,,,,,,,,,,,,,,,,,,,,,,,,,,,,,,,,,,,,,,,,,,,,,,,,,,,,,,,,,,,,,,,,,,,,,,,,,,,,,,,,,,,,,,,,,,,,,,,,,,,,,,,,,,,,,,,,,,,,,,,,,,,,,,,,,,,,,,,,,,,,,,,,,,,,,,,,,,,,,,,,,,,,,,,,,,,,,,,,,,,,,,,,,,,,,,,,,About to perform: CREATE from com.sap.cloud.cf.destinations.audit.AuditLogOperationHelper,About to perform,Create,com.sap.cloud.cf.destinations.audit.AuditLogOperationHelper,HTTP,COCKPIT,baae3a89-81f6-4b4a-a216-7cbaedcc401c,,a65a3f1e4d649e6b5f908540d5816978490a19034fd179e7d795bca6017a4e5d,,OAuth2ClientCredentials,Internet,https://8b14fc54trial.authentication.us10.hana.ondemand.com,TransportManagementService,,,,,,,,,,,,,,,,,,,,,,,,,,,,,,,,,,,,ab53d138b210cf04b020bd1384711c47b950a32cb434476244f23c9689229f88,e0b92a32fffd6ad202c29036cb8471075c6c62950eca430f416a03f4b36193b7,aa9dd46e47601b3fcbf39a20c6cf25c4486f2b205dc6a1c2cc81e83d21a513c4,94b01635807a9295583512df181960302abdbed310b2b8dad64538de497ef3df,aa9dd46e47601b3fcbf39a20c6cf25c4486f2b205dc6a1c2cc81e83d21a513c4,36c2019300671058d2e956c134457141d6dae5cecbd24759cc3e22bf094de3cf,aa9dd46e47601b3fcbf39a20c6cf25c4486f2b205dc6a1c2cc81e83d21a513c4,aa9dd46e47601b3fcbf39a20c6cf25c4486f2b205dc6a1c2cc81e83d21a513c4,,,,,,,,,,,,,,,,,,,,,,,,,,,,,,,,,,,,,,,,,,,,,,,,,,,,,,,,,,,,,,,,,,
f3202d5c-0582-4b14-a062-c1da65e37ba6,2026-07-05T13:02:31.320Z,baae3a89-81f6-4b4a-a216-7cbaedcc401c,903e5cf9-8d23-47e5-98e2-26ef0af48edb,94dd4a43-f2b5-4808-9dec-9528ca43ff79,,6fc33211-70e4-40ca-9467-dd8285dfd55e,basiser@163.com,audit.configuration,,f3202d5c-0582-4b14-a062-c1da65e37ba6,basiser@163.com,2026-07-05T13:02:31.320436257Z,6c10a82e-1794-4556-8235-add59147f090,False,objectId,,TransportManagementService,,,,,,,,,,,,,,,,,END,audit.configuration,baae3a89-81f6-4b4a-a216-7cbaedcc401c,,,,,,,,,,,,,,,,,,,,,,,,,,,,,,,,,,,,,,,,,,,,,,,,,,,,,,,,,,,,,,,,,,,,,,,,,,,,,,,,,,,,,,,,,,,,,,,,,,,,,,,,,,,,,,,,,,,,,,,,,,,,,,,,,,,,,,,,,,,,,,,,,,,,,,,,,,,,,,,,,,,,,,,,,,,,,,,,,,,,,,,,,,,,,,,,,,,,,,,,,,,,,,,,,,,,,,,,,,,,,,,,,,,,,,,,,,,,,,,,,,,,,,,,,,,,,,,,,,,,,,,,,,,,,,,,,,,,,,,,,,,,,,,,,,,,,,,,,,,,,,,,,,,,,,,,,,,,,,About to perform: CREATE from com.sap.cloud.cf.destinations.audit.AuditLogOperationHelper,About to perform,Create,com.sap.cloud.cf.destinations.audit.AuditLogOperationHelper,HTTP,COCKPIT,baae3a89-81f6-4b4a-a216-7cbaedcc401c,,a65a3f1e4d649e6b5f908540d5816978490a19034fd179e7d795bca6017a4e5d,,OAuth2ClientCredentials,Internet,https://8b14fc54trial.authentication.us10.hana.ondemand.com,TransportManagementService,,,,,,,,,,,,,,,,,,,,,,,,,,,,,,,,,,,,ab53d138b210cf04b020bd1384711c47b950a32cb434476244f23c9689229f88,e0b92a32fffd6ad202c29036cb8471075c6c62950eca430f416a03f4b36193b7,aa9dd46e47601b3fcbf39a20c6cf25c4486f2b205dc6a1c2cc81e83d21a513c4,94b01635807a9295583512df181960302abdbed310b2b8dad64538de497ef3df,aa9dd46e47601b3fcbf39a20c6cf25c4486f2b205dc6a1c2cc81e83d21a513c4,36c2019300671058d2e956c134457141d6dae5cecbd24759cc3e22bf094de3cf,aa9dd46e47601b3fcbf39a20c6cf25c4486f2b205dc6a1c2cc81e83d21a513c4,aa9dd46e47601b3fcbf39a20c6cf25c4486f2b205dc6a1c2cc81e83d21a513c4,,,,,,,,,,,,,,,,,,,,,,,,,,,,,,,,,,,,,,,,,,,,,,,,,,,,,,,,,,,,,,,,,,
5bc2e45b-1045-40fa-9c24-e6e03ba1ebf6,2026-07-05T13:17:46.595Z,baae3a89-81f6-4b4a-a216-7cbaedcc401c,903e5cf9-8d23-47e5-98e2-26ef0af48edb,94dd4a43-f2b5-4808-9dec-9528ca43ff79,,6fc33211-70e4-40ca-9467-dd8285dfd55e,basiser@163.com,audit.configuration,,5bc2e45b-1045-40fa-9c24-e6e03ba1ebf6,basiser@163.com,2026-07-05T13:17:46.595060879Z,afdec522-a7c7-46fc-bec3-8b494f5746db,,objectId,,dev-cas,,,,,,,,,,,,,,,,,BEGIN,audit.configuration,baae3a89-81f6-4b4a-a216-7cbaedcc401c,,,,,,,,,,,,,,,,,,,,,,,,,,,,,,,,,,,,,,,,,,,,,,,,,,,,,,,,,,,,,,,,,,,,,,,,,,,,,,,,,,,,,,,,,,,,,,,,,,,,,,,,,,,,,,,,,,,,,,,,,,,,,,,,,,,,,,,,,,,,,,,,,,,,,,,,,,,,,,,,,,,,,,,,,,,,,,,,,,,,,,,,,,,,,,,,,,,,,,,,,,,,,,,,,,,,,,,,,,,,,,,,,,,,,,,,,,,,,,,,,,,,,,,,,,,,,,,,,,,,,,,,,,,,,,,,,,,,,,,,,,,,,,,,,,,,,,,,,,,,,,,,,,,,,,,,,,,,,,About to perform: CREATE from com.sap.cloud.cf.destinations.audit.AuditLogOperationHelper,About to perform,Create,com.sap.cloud.cf.destinations.audit.AuditLogOperationHelper,HTTP,COCKPIT,baae3a89-81f6-4b4a-a216-7cbaedcc401c,,a65a3f1e4d649e6b5f908540d5816978490a19034fd179e7d795bca6017a4e5d,,OAuth2ClientCredentials,Internet,https://content-agent-assembly.cfapps.us10.hana.ondemand.com,dev-cas,,,,,,,,,,,,,,,,,,,,,,,,,,,,,,,,,,,,ab53d138b210cf04b020bd1384711c47b950a32cb434476244f23c9689229f88,a8d18d427fcb4e6f296bb0f2c5cffb7b8a71dd61841786a2fbf60233f7a5d207,,2ccc7cbc12d5a82360822a3539a3f6b5ea66724e13716755bd75345997bd2526,,543d8922526a67cd1511bc3f63551fcaf9cb03223f558cb53f0a6cbeebe29043,,,,,,,,,,,,,,,,,,,,,,,,,,,,,,,,,,,,,,,,,,,,,,,,,,,,,,,,,,,,,,,,,,,,
d6b8cc7a-d866-49f4-8df1-f36d84108895,2026-07-05T13:17:46.595Z,baae3a89-81f6-4b4a-a216-7cbaedcc401c,903e5cf9-8d23-47e5-98e2-26ef0af48edb,94dd4a43-f2b5-4808-9dec-9528ca43ff79,,6fc33211-70e4-40ca-9467-dd8285dfd55e,basiser@163.com,audit.configuration,,d6b8cc7a-d866-49f4-8df1-f36d84108895,basiser@163.com,2026-07-05T13:17:46.595060879Z,ac746191-3f37-4074-b5db-7a5879988e0f,True,objectId,,dev-cas,,,,,,,,,,,,,,,,,END,audit.configuration,baae3a89-81f6-4b4a-a216-7cbaedcc401c,,,,,,,,,,,,,,,,,,,,,,,,,,,,,,,,,,,,,,,,,,,,,,,,,,,,,,,,,,,,,,,,,,,,,,,,,,,,,,,,,,,,,,,,,,,,,,,,,,,,,,,,,,,,,,,,,,,,,,,,,,,,,,,,,,,,,,,,,,,,,,,,,,,,,,,,,,,,,,,,,,,,,,,,,,,,,,,,,,,,,,,,,,,,,,,,,,,,,,,,,,,,,,,,,,,,,,,,,,,,,,,,,,,,,,,,,,,,,,,,,,,,,,,,,,,,,,,,,,,,,,,,,,,,,,,,,,,,,,,,,,,,,,,,,,,,,,,,,,,,,,,,,,,,,,,,,,,,,,About to perform: CREATE from com.sap.cloud.cf.destinations.audit.AuditLogOperationHelper,About to perform,Create,com.sap.cloud.cf.destinations.audit.AuditLogOperationHelper,HTTP,COCKPIT,baae3a89-81f6-4b4a-a216-7cbaedcc401c,,a65a3f1e4d649e6b5f908540d5816978490a19034fd179e7d795bca6017a4e5d,,OAuth2ClientCredentials,Internet,https://content-agent-assembly.cfapps.us10.hana.ondemand.com,dev-cas,,,,,,,,,,,,,,,,,,,,,,,,,,,,,,,,,,,,ab53d138b210cf04b020bd1384711c47b950a32cb434476244f23c9689229f88,a8d18d427fcb4e6f296bb0f2c5cffb7b8a71dd61841786a2fbf60233f7a5d207,,2ccc7cbc12d5a82360822a3539a3f6b5ea66724e13716755bd75345997bd2526,,543d8922526a67cd1511bc3f63551fcaf9cb03223f558cb53f0a6cbeebe29043,,,,,,,,,,,,,,,,,,,,,,,,,,,,,,,,,,,,,,,,,,,,,,,,,,,,,,,,,,,,,,,,,,,,
34a53402-32a1-4f3c-85c7-673ecac632be,2026-07-05T13:19:15.337Z,baae3a89-81f6-4b4a-a216-7cbaedcc401c,903e5cf9-8d23-47e5-98e2-26ef0af48edb,94dd4a43-f2b5-4808-9dec-9528ca43ff79,,6fc33211-70e4-40ca-9467-dd8285dfd55e,basiser@163.com,audit.configuration,,34a53402-32a1-4f3c-85c7-673ecac632be,basiser@163.com,2026-07-05T13:19:15.337362406Z,d3d2725e-ec95-4693-8f30-3aae95b008b7,True,objectId,,qas-cas,,,,,,,,,,,,,,,,,END,audit.configuration,baae3a89-81f6-4b4a-a216-7cbaedcc401c,,,,,,,,,,,,,,,,,,,,,,,,,,,,,,,,,,,,,,,,,,,,,,,,,,,,,,,,,,,,,,,,,,,,,,,,,,,,,,,,,,,,,,,,,,,,,,,,,,,,,,,,,,,,,,,,,,,,,,,,,,,,,,,,,,,,,,,,,,,,,,,,,,,,,,,,,,,,,,,,,,,,,,,,,,,,,,,,,,,,,,,,,,,,,,,,,,,,,,,,,,,,,,,,,,,,,,,,,,,,,,,,,,,,,,,,,,,,,,,,,,,,,,,,,,,,,,,,,,,,,,,,,,,,,,,,,,,,,,,,,,,,,,,,,,,,,,,,,,,,,,,,,,,,,,,,,,,,,,About to perform: CREATE from com.sap.cloud.cf.destinations.audit.AuditLogOperationHelper,About to perform,Create,com.sap.cloud.cf.destinations.audit.AuditLogOperationHelper,HTTP,COCKPIT,baae3a89-81f6-4b4a-a216-7cbaedcc401c,,a65a3f1e4d649e6b5f908540d5816978490a19034fd179e7d795bca6017a4e5d,,OAuth2ClientCredentials,Internet,https://content-agent-assembly.cfapps.us10.hana.ondemand.com,qas-cas,,,,,,,,,,,,,,,,,,,,,,,,,,,,,,,,,,,,ab53d138b210cf04b020bd1384711c47b950a32cb434476244f23c9689229f88,a8d18d427fcb4e6f296bb0f2c5cffb7b8a71dd61841786a2fbf60233f7a5d207,,2ccc7cbc12d5a82360822a3539a3f6b5ea66724e13716755bd75345997bd2526,,d6a443c2bbcf027420932e00b830403329c914a3197733ad3734a8bf260a2fc3,,,IMPORT,,,,,,,,,,,,,,,,,,,,,,,,,,,,,,,,,,,,,,,,,,,,,,,,,,,,,,,,,,,,,,,,,
f8400795-b60a-4ad6-8b73-592034c5f3d5,2026-07-05T13:19:15.337Z,baae3a89-81f6-4b4a-a216-7cbaedcc401c,903e5cf9-8d23-47e5-98e2-26ef0af48edb,94dd4a43-f2b5-4808-9dec-9528ca43ff79,,6fc33211-70e4-40ca-9467-dd8285dfd55e,basiser@163.com,audit.configuration,,f8400795-b60a-4ad6-8b73-592034c5f3d5,basiser@163.com,2026-07-05T13:19:15.337362406Z,8e25c982-1282-4a46-b23b-a81bc5fba185,,objectId,,qas-cas,,,,,,,,,,,,,,,,,BEGIN,audit.configuration,baae3a89-81f6-4b4a-a216-7cbaedcc401c,,,,,,,,,,,,,,,,,,,,,,,,,,,,,,,,,,,,,,,,,,,,,,,,,,,,,,,,,,,,,,,,,,,,,,,,,,,,,,,,,,,,,,,,,,,,,,,,,,,,,,,,,,,,,,,,,,,,,,,,,,,,,,,,,,,,,,,,,,,,,,,,,,,,,,,,,,,,,,,,,,,,,,,,,,,,,,,,,,,,,,,,,,,,,,,,,,,,,,,,,,,,,,,,,,,,,,,,,,,,,,,,,,,,,,,,,,,,,,,,,,,,,,,,,,,,,,,,,,,,,,,,,,,,,,,,,,,,,,,,,,,,,,,,,,,,,,,,,,,,,,,,,,,,,,,,,,,,,,About to perform: CREATE from com.sap.cloud.cf.destinations.audit.AuditLogOperationHelper,About to perform,Create,com.sap.cloud.cf.destinations.audit.AuditLogOperationHelper,HTTP,COCKPIT,baae3a89-81f6-4b4a-a216-7cbaedcc401c,,a65a3f1e4d649e6b5f908540d5816978490a19034fd179e7d795bca6017a4e5d,,OAuth2ClientCredentials,Internet,https://content-agent-assembly.cfapps.us10.hana.ondemand.com,qas-cas,,,,,,,,,,,,,,,,,,,,,,,,,,,,,,,,,,,,ab53d138b210cf04b020bd1384711c47b950a32cb434476244f23c9689229f88,a8d18d427fcb4e6f296bb0f2c5cffb7b8a71dd61841786a2fbf60233f7a5d207,,2ccc7cbc12d5a82360822a3539a3f6b5ea66724e13716755bd75345997bd2526,,d6a443c2bbcf027420932e00b830403329c914a3197733ad3734a8bf260a2fc3,,,IMPORT,,,,,,,,,,,,,,,,,,,,,,,,,,,,,,,,,,,,,,,,,,,,,,,,,,,,,,,,,,,,,,,,,
2caa57ea-524f-49cc-8ba6-09f3c0fd962e,2026-07-05T13:20:56.008Z,baae3a89-81f6-4b4a-a216-7cbaedcc401c,903e5cf9-8d23-47e5-98e2-26ef0af48edb,94dd4a43-f2b5-4808-9dec-9528ca43ff79,,6fc33211-70e4-40ca-9467-dd8285dfd55e,basiser@163.com,audit.configuration,,2caa57ea-524f-49cc-8ba6-09f3c0fd962e,basiser@163.com,2026-07-05T13:20:56.008406283Z,ac346891-a9e1-4c36-9253-6a6c528c09db,,objectId,,prd-cas,,,,,,,,,,,,,,,,,BEGIN,audit.configuration,baae3a89-81f6-4b4a-a216-7cbaedcc401c,,,,,,,,,,,,,,,,,,,,,,,,,,,,,,,,,,,,,,,,,,,,,,,,,,,,,,,,,,,,,,,,,,,,,,,,,,,,,,,,,,,,,,,,,,,,,,,,,,,,,,,,,,,,,,,,,,,,,,,,,,,,,,,,,,,,,,,,,,,,,,,,,,,,,,,,,,,,,,,,,,,,,,,,,,,,,,,,,,,,,,,,,,,,,,,,,,,,,,,,,,,,,,,,,,,,,,,,,,,,,,,,,,,,,,,,,,,,,,,,,,,,,,,,,,,,,,,,,,,,,,,,,,,,,,,,,,,,,,,,,,,,,,,,,,,,,,,,,,,,,,,,,,,,,,,,,,,,,,About to perform: CREATE from com.sap.cloud.cf.destinations.audit.AuditLogOperationHelper,About to perform,Create,com.sap.cloud.cf.destinations.audit.AuditLogOperationHelper,HTTP,COCKPIT,baae3a89-81f6-4b4a-a216-7cbaedcc401c,,a65a3f1e4d649e6b5f908540d5816978490a19034fd179e7d795bca6017a4e5d,,OAuth2ClientCredentials,Internet,https://content-agent-assembly.cfapps.us10.hana.ondemand.com,prd-cas,,,,,,,,,,,,,,,,,,,,,,,,,,,,,,,,,,,,ab53d138b210cf04b020bd1384711c47b950a32cb434476244f23c9689229f88,a8d18d427fcb4e6f296bb0f2c5cffb7b8a71dd61841786a2fbf60233f7a5d207,,2ccc7cbc12d5a82360822a3539a3f6b5ea66724e13716755bd75345997bd2526,,d6a443c2bbcf027420932e00b830403329c914a3197733ad3734a8bf260a2fc3,,,IMPORT,,,,,,,,,,,,,,,,,,,,,,,,,,,,,,,,,,,,,,,,,,,,,,,,,,,,,,,,,,,,,,,,,
847de7b7-ea7a-4266-88e0-0d2a8d99d4c7,2026-07-05T13:20:56.008Z,baae3a89-81f6-4b4a-a216-7cbaedcc401c,903e5cf9-8d23-47e5-98e2-26ef0af48edb,94dd4a43-f2b5-4808-9dec-9528ca43ff79,,6fc33211-70e4-40ca-9467-dd8285dfd55e,basiser@163.com,audit.configuration,,847de7b7-ea7a-4266-88e0-0d2a8d99d4c7,basiser@163.com,2026-07-05T13:20:56.008406283Z,cc663eb8-1185-4207-861c-234ba7313812,True,objectId,,prd-cas,,,,,,,,,,,,,,,,,END,audit.configuration,baae3a89-81f6-4b4a-a216-7cbaedcc401c,,,,,,,,,,,,,,,,,,,,,,,,,,,,,,,,,,,,,,,,,,,,,,,,,,,,,,,,,,,,,,,,,,,,,,,,,,,,,,,,,,,,,,,,,,,,,,,,,,,,,,,,,,,,,,,,,,,,,,,,,,,,,,,,,,,,,,,,,,,,,,,,,,,,,,,,,,,,,,,,,,,,,,,,,,,,,,,,,,,,,,,,,,,,,,,,,,,,,,,,,,,,,,,,,,,,,,,,,,,,,,,,,,,,,,,,,,,,,,,,,,,,,,,,,,,,,,,,,,,,,,,,,,,,,,,,,,,,,,,,,,,,,,,,,,,,,,,,,,,,,,,,,,,,,,,,,,,,,,About to perform: CREATE from com.sap.cloud.cf.destinations.audit.AuditLogOperationHelper,About to perform,Create,com.sap.cloud.cf.destinations.audit.AuditLogOperationHelper,HTTP,COCKPIT,baae3a89-81f6-4b4a-a216-7cbaedcc401c,,a65a3f1e4d649e6b5f908540d5816978490a19034fd179e7d795bca6017a4e5d,,OAuth2ClientCredentials,Internet,https://content-agent-assembly.cfapps.us10.hana.ondemand.com,prd-cas,,,,,,,,,,,,,,,,,,,,,,,,,,,,,,,,,,,,ab53d138b210cf04b020bd1384711c47b950a32cb434476244f23c9689229f88,a8d18d427fcb4e6f296bb0f2c5cffb7b8a71dd61841786a2fbf60233f7a5d207,,2ccc7cbc12d5a82360822a3539a3f6b5ea66724e13716755bd75345997bd2526,,d6a443c2bbcf027420932e00b830403329c914a3197733ad3734a8bf260a2fc3,,,IMPORT,,,,,,,,,,,,,,,,,,,,,,,,,,,,,,,,,,,,,,,,,,,,,,,,,,,,,,,,,,,,,,,,,
f7a609ec-9365-4801-85b1-7cd53adbd021,2026-07-05T13:34:25.138Z,baae3a89-81f6-4b4a-a216-7cbaedcc401c,903e5cf9-8d23-47e5-98e2-26ef0af48edb,94dd4a43-f2b5-4808-9dec-9528ca43ff79,,6fc33211-70e4-40ca-9467-dd8285dfd55e,basiser@163.com,audit.configuration,,f7a609ec-9365-4801-85b1-7cd53adbd021,basiser@163.com,2026-07-05T13:34:25.138102779Z,d7b52e50-290c-4990-9d1e-ebb5de3be9cd,True,objectId,,ContentAssemblyService,,,,,,,,,,,,,,,,,END,audit.configuration,baae3a89-81f6-4b4a-a216-7cbaedcc401c,,,,,,,,,,,,,,,,,,,,,,,,,,,,,,,,,,,,,,,,,,,,,,,,,,,,,,,,,,,,,,,,,,,,,,,,,,,,,,,,,,,,,,,,,,,,,,,,,,,,,,,,,,,,,,,,,,,,,,,,,,,,,,,,,,,,,,,,,,,,,,,,,,,,,,,,,,,,,,,,,,,,,,,,,,,,,,,,,,,,,,,,,,,,,,,,,,,,,,,,,,,,,,,,,,,,,,,,,,,,,,,,,,,,,,,,,,,,,,,,,,,,,,,,,,,,,,,,,,,,,,,,,,,,,,,,,,,,,,,,,,,,,,,,,,,,,,,,,,,,,,,,,,,,,,,,,,,,,,About to perform: CREATE from com.sap.cloud.cf.destinations.audit.AuditLogOperationHelper,About to perform,Create,com.sap.cloud.cf.destinations.audit.AuditLogOperationHelper,HTTP,COCKPIT,baae3a89-81f6-4b4a-a216-7cbaedcc401c,,a65a3f1e4d649e6b5f908540d5816978490a19034fd179e7d795bca6017a4e5d,,OAuth2ClientCredentials,Internet,https://content-agent-assembly.cfapps.us10.hana.ondemand.com,ContentAssemblyService,,,,,,,,,,,,,,,,,,,,,,,,,,,,,,,,,,,,ab53d138b210cf04b020bd1384711c47b950a32cb434476244f23c9689229f88,a8d18d427fcb4e6f296bb0f2c5cffb7b8a71dd61841786a2fbf60233f7a5d207,,2ccc7cbc12d5a82360822a3539a3f6b5ea66724e13716755bd75345997bd2526,,d6a443c2bbcf027420932e00b830403329c914a3197733ad3734a8bf260a2fc3,,,IMPORT,,,,,,,,,,,,,,,,,,,,,,,,,,,,,,,,,,,,,,,,,,,,,,,,,,,,,,,,,,,,,,,,,
792d4a07-cada-4e5b-8ace-59e0ec182f1e,2026-07-05T13:34:25.138Z,baae3a89-81f6-4b4a-a216-7cbaedcc401c,903e5cf9-8d23-47e5-98e2-26ef0af48edb,94dd4a43-f2b5-4808-9dec-9528ca43ff79,,6fc33211-70e4-40ca-9467-dd8285dfd55e,basiser@163.com,audit.configuration,,792d4a07-cada-4e5b-8ace-59e0ec182f1e,basiser@163.com,2026-07-05T13:34:25.138102779Z,55426c4d-7233-4e28-b98e-ce9c7e5bfb70,,objectId,,ContentAssemblyService,,,,,,,,,,,,,,,,,BEGIN,audit.configuration,baae3a89-81f6-4b4a-a216-7cbaedcc401c,,,,,,,,,,,,,,,,,,,,,,,,,,,,,,,,,,,,,,,,,,,,,,,,,,,,,,,,,,,,,,,,,,,,,,,,,,,,,,,,,,,,,,,,,,,,,,,,,,,,,,,,,,,,,,,,,,,,,,,,,,,,,,,,,,,,,,,,,,,,,,,,,,,,,,,,,,,,,,,,,,,,,,,,,,,,,,,,,,,,,,,,,,,,,,,,,,,,,,,,,,,,,,,,,,,,,,,,,,,,,,,,,,,,,,,,,,,,,,,,,,,,,,,,,,,,,,,,,,,,,,,,,,,,,,,,,,,,,,,,,,,,,,,,,,,,,,,,,,,,,,,,,,,,,,,,,,,,,,About to perform: CREATE from com.sap.cloud.cf.destinations.audit.AuditLogOperationHelper,About to perform,Create,com.sap.cloud.cf.destinations.audit.AuditLogOperationHelper,HTTP,COCKPIT,baae3a89-81f6-4b4a-a216-7cbaedcc401c,,a65a3f1e4d649e6b5f908540d5816978490a19034fd179e7d795bca6017a4e5d,,OAuth2ClientCredentials,Internet,https://content-agent-assembly.cfapps.us10.hana.ondemand.com,ContentAssemblyService,,,,,,,,,,,,,,,,,,,,,,,,,,,,,,,,,,,,ab53d138b210cf04b020bd1384711c47b950a32cb434476244f23c9689229f88,a8d18d427fcb4e6f296bb0f2c5cffb7b8a71dd61841786a2fbf60233f7a5d207,,2ccc7cbc12d5a82360822a3539a3f6b5ea66724e13716755bd75345997bd2526,,d6a443c2bbcf027420932e00b830403329c914a3197733ad3734a8bf260a2fc3,,,IMPORT,,,,,,,,,,,,,,,,,,,,,,,,,,,,,,,,,,,,,,,,,,,,,,,,,,,,,,,,,,,,,,,,,
d8226df2-8c99-40db-8284-0e542939a076,2026-07-05T14:07:01.963Z,baae3a89-81f6-4b4a-a216-7cbaedcc401c,903e5cf9-8d23-47e5-98e2-26ef0af48edb,94dd4a43-f2b5-4808-9dec-9528ca43ff79,,6fc33211-70e4-40ca-9467-dd8285dfd55e,basiser@163.com,audit.configuration,,d8226df2-8c99-40db-8284-0e542939a076,basiser@163.com,2026-07-05T14:07:01.963150322Z,69e3a078-f72b-4e88-9619-3afe66ef726b,,objectId,,CloudIntegration,,,,,,,,,,,,,,,,,BEGIN,audit.configuration,baae3a89-81f6-4b4a-a216-7cbaedcc401c,,,,,,,,,,,,,,,,,,,,,,,,,,,,,,,,,,,,,,,,,,,,,,,,,,,,,,,,,,,,,,,,,,,,,,,,,,,,,,,,,,,,,,,,,,,,,,,,,,,,,,,,,,,,,,,,,,,,,,,,,,,,,,,,,,,,,,,,,,,,,,,,,,,,,,,,,,,,,,,,,,,,,,,,,,,,,,,,,,,,,,,,,,,,,,,,,,,,,,,,,,,,,,,,,,,,,,,,,,,,,,,,,,,,,,,,,,,,,,,,,,,,,,,,,,,,,,,,,,,,,,,,,,,,,,,,,,,,,,,,,,,,,,,,,,,,,,,,,,,,,,,,,,,,,,,,,,,,,,About to perform: CREATE from com.sap.cloud.cf.destinations.audit.AuditLogOperationHelper,About to perform,Create,com.sap.cloud.cf.destinations.audit.AuditLogOperationHelper,HTTP,COCKPIT,baae3a89-81f6-4b4a-a216-7cbaedcc401c,,a65a3f1e4d649e6b5f908540d5816978490a19034fd179e7d795bca6017a4e5d,,OAuth2ClientCredentials,Internet,https://8b14fc54trial.it-cpitrial05.cfapps.us10-001.hana.ondemand.com/api/1.0/transportmodule/Transport,CloudIntegration,,,,,,,,,,,,,,,,,,,,,,,,,,,,,,,,,,,,ab53d138b210cf04b020bd1384711c47b950a32cb434476244f23c9689229f88,6e02dadb1e6fa968ab28f7ba9715989b8d3b76633ff08291d9af949baa79a49f,,94b01635807a9295583512df181960302abdbed310b2b8dad64538de497ef3df,,4ee441a2aa188dc0ccd3bad25541adc3018f14fd304a1a25daa5a097fd7ff542,,,,,,,,,,,,,,,,,,,,,,,,,,,,,,,,,,,,,,,,,,,,,,,,,,,,,,,,,,,,,,,,,,,,
be5f0055-f134-441b-bfb4-0b1233b4b673,2026-07-05T14:07:01.963Z,baae3a89-81f6-4b4a-a216-7cbaedcc401c,903e5cf9-8d23-47e5-98e2-26ef0af48edb,94dd4a43-f2b5-4808-9dec-9528ca43ff79,,6fc33211-70e4-40ca-9467-dd8285dfd55e,basiser@163.com,audit.configuration,,be5f0055-f134-441b-bfb4-0b1233b4b673,basiser@163.com,2026-07-05T14:07:01.963150322Z,08c04107-7e13-46d6-8449-0084bf5c8181,True,objectId,,CloudIntegration,,,,,,,,,,,,,,,,,END,audit.configuration,baae3a89-81f6-4b4a-a216-7cbaedcc401c,,,,,,,,,,,,,,,,,,,,,,,,,,,,,,,,,,,,,,,,,,,,,,,,,,,,,,,,,,,,,,,,,,,,,,,,,,,,,,,,,,,,,,,,,,,,,,,,,,,,,,,,,,,,,,,,,,,,,,,,,,,,,,,,,,,,,,,,,,,,,,,,,,,,,,,,,,,,,,,,,,,,,,,,,,,,,,,,,,,,,,,,,,,,,,,,,,,,,,,,,,,,,,,,,,,,,,,,,,,,,,,,,,,,,,,,,,,,,,,,,,,,,,,,,,,,,,,,,,,,,,,,,,,,,,,,,,,,,,,,,,,,,,,,,,,,,,,,,,,,,,,,,,,,,,,,,,,,,,About to perform: CREATE from com.sap.cloud.cf.destinations.audit.AuditLogOperationHelper,About to perform,Create,com.sap.cloud.cf.destinations.audit.AuditLogOperationHelper,HTTP,COCKPIT,baae3a89-81f6-4b4a-a216-7cbaedcc401c,,a65a3f1e4d649e6b5f908540d5816978490a19034fd179e7d795bca6017a4e5d,,OAuth2ClientCredentials,Internet,https://8b14fc54trial.it-cpitrial05.cfapps.us10-001.hana.ondemand.com/api/1.0/transportmodule/Transport,CloudIntegration,,,,,,,,,,,,,,,,,,,,,,,,,,,,,,,,,,,,ab53d138b210cf04b020bd1384711c47b950a32cb434476244f23c9689229f88,6e02dadb1e6fa968ab28f7ba9715989b8d3b76633ff08291d9af949baa79a49f,,94b01635807a9295583512df181960302abdbed310b2b8dad64538de497ef3df,,4ee441a2aa188dc0ccd3bad25541adc3018f14fd304a1a25daa5a097fd7ff542,,,,,,,,,,,,,,,,,,,,,,,,,,,,,,,,,,,,,,,,,,,,,,,,,,,,,,,,,,,,,,,,,,,,
ac9fb4c8-5ce3-4e75-bc2f-95540039863d,2026-07-05T14:57:45.229Z,baae3a89-81f6-4b4a-a216-7cbaedcc401c,903e5cf9-8d23-47e5-98e2-26ef0af48edb,94dd4a43-f2b5-4808-9dec-9528ca43ff79,,6fc33211-70e4-40ca-9467-dd8285dfd55e,basiser@163.com,audit.configuration,,ac9fb4c8-5ce3-4e75-bc2f-95540039863d,basiser@163.com,2026-07-05T14:57:45.229064611Z,0cc1d626-e849-4dba-bf0d-9cd3310d6b46,,objectId,,changedConfigurationPropertyKeys,,,,,,,,,,,,,,,,,BEGIN,audit.configuration,baae3a89-81f6-4b4a-a216-7cbaedcc401c,,,,,,,,,,,,,,,,,,,,,,,,,,,,,,,,,,,,,,,,,,,,,,,,,,,,,,,,,,,,,,,"clientId, etag, clientSecret, URL",prd-cas,,,,,,,,,,,,,,,,,,,,,,,,,,,,,,,,,,,,,,,,,,,,,,,,,,,,,,,,,,,,,,,,,,,,,,,,,,,,,,,,,,,,,,,,,,,,,,,,,,,,,,,,,,,,,,,,,,,,,,,,,,,,,,,,,,,,,,,,,,,,,,,,,,,,,,,,,,,,,,,,,,,,,,,,,,,,,,,,,,,,,,,,,,,,,,,,,,,,,,,,,,,,,,,,,,,,,,,,,,,,,,,,,,,,,,,,,,,,,,,,,,,,,,,,,,,,,,About to perform: UPDATE from com.sap.cloud.cf.destinations.audit.AuditLogOperationHelper,About to perform,Update,com.sap.cloud.cf.destinations.audit.AuditLogOperationHelper,,,,,,,,,,,,HTTP,1783257656041,,d6966e0c34ebdc76563e1391045dfb25a19633d25e929d9a353c7049406c8474,COCKPIT,CMK_V2,1783257656041,baae3a89-81f6-4b4a-a216-7cbaedcc401c,,a65a3f1e4d649e6b5f908540d5816978490a19034fd179e7d795bca6017a4e5d,,OAuth2ClientCredentials,False,Internet,https://content-agent-assembly.cfapps.us10.hana.ondemand.com,prd-cas,,HTTP,1783257656041,,ef352d2fe25fd4974e6393490fd75857ce2e133805e286b440fd00fdbbf0a1e4,COCKPIT,CMK_V2,1783257656041,baae3a89-81f6-4b4a-a216-7cbaedcc401c,,a65a3f1e4d649e6b5f908540d5816978490a19034fd179e7d795bca6017a4e5d,,OAuth2ClientCredentials,False,Internet,https://content-agent-engine.cfapps.us10.hana.ondemand.com,prd-cas,,,,,,,,,,,ab53d138b210cf04b020bd1384711c47b950a32cb434476244f23c9689229f88,IMPORT,a8d18d427fcb4e6f296bb0f2c5cffb7b8a71dd61841786a2fbf60233f7a5d207,2ccc7cbc12d5a82360822a3539a3f6b5ea66724e13716755bd75345997bd2526,d6a443c2bbcf027420932e00b830403329c914a3197733ad3734a8bf260a2fc3,ab53d138b210cf04b020bd1384711c47b950a32cb434476244f23c9689229f88,IMPORT,3de7639916db271cf9a72b0180633ae9349d1c22939fb4a1dbd23a089338be97,2ccc7cbc12d5a82360822a3539a3f6b5ea66724e13716755bd75345997bd2526,d82b139b26f565eeef514142bfe134dc337d3607b1c7076dd489a5570e5df831,,,,,,,,,,,,,,,,,,,,,,,,,,,,,,,,,,,,,,,,,,,,,,,,,,,,,,,
2f6b3365-6faa-4e88-b93e-f95e062a16f3,2026-07-05T14:57:45.229Z,baae3a89-81f6-4b4a-a216-7cbaedcc401c,903e5cf9-8d23-47e5-98e2-26ef0af48edb,94dd4a43-f2b5-4808-9dec-9528ca43ff79,,6fc33211-70e4-40ca-9467-dd8285dfd55e,basiser@163.com,audit.configuration,,2f6b3365-6faa-4e88-b93e-f95e062a16f3,basiser@163.com,2026-07-05T14:57:45.229064611Z,4fa049b4-b6c5-4fc2-89ee-51a7f2a942ef,True,objectId,,changedConfigurationPropertyKeys,,,,,,,,,,,,,,,,,END,audit.configuration,baae3a89-81f6-4b4a-a216-7cbaedcc401c,,,,,,,,,,,,,,,,,,,,,,,,,,,,,,,,,,,,,,,,,,,,,,,,,,,,,,,,,,,,,,,"clientId, etag, clientSecret, URL",prd-cas,,,,,,,,,,,,,,,,,,,,,,,,,,,,,,,,,,,,,,,,,,,,,,,,,,,,,,,,,,,,,,,,,,,,,,,,,,,,,,,,,,,,,,,,,,,,,,,,,,,,,,,,,,,,,,,,,,,,,,,,,,,,,,,,,,,,,,,,,,,,,,,,,,,,,,,,,,,,,,,,,,,,,,,,,,,,,,,,,,,,,,,,,,,,,,,,,,,,,,,,,,,,,,,,,,,,,,,,,,,,,,,,,,,,,,,,,,,,,,,,,,,,,,,,,,,,,,About to perform: UPDATE from com.sap.cloud.cf.destinations.audit.AuditLogOperationHelper,About to perform,Update,com.sap.cloud.cf.destinations.audit.AuditLogOperationHelper,,,,,,,,,,,,HTTP,1783257656041,,d6966e0c34ebdc76563e1391045dfb25a19633d25e929d9a353c7049406c8474,COCKPIT,CMK_V2,1783257656041,baae3a89-81f6-4b4a-a216-7cbaedcc401c,,a65a3f1e4d649e6b5f908540d5816978490a19034fd179e7d795bca6017a4e5d,,OAuth2ClientCredentials,False,Internet,https://content-agent-assembly.cfapps.us10.hana.ondemand.com,prd-cas,,HTTP,1783257656041,,ef352d2fe25fd4974e6393490fd75857ce2e133805e286b440fd00fdbbf0a1e4,COCKPIT,CMK_V2,1783257656041,baae3a89-81f6-4b4a-a216-7cbaedcc401c,,a65a3f1e4d649e6b5f908540d5816978490a19034fd179e7d795bca6017a4e5d,,OAuth2ClientCredentials,False,Internet,https://content-agent-engine.cfapps.us10.hana.ondemand.com,prd-cas,,,,,,,,,,,ab53d138b210cf04b020bd1384711c47b950a32cb434476244f23c9689229f88,IMPORT,a8d18d427fcb4e6f296bb0f2c5cffb7b8a71dd61841786a2fbf60233f7a5d207,2ccc7cbc12d5a82360822a3539a3f6b5ea66724e13716755bd75345997bd2526,d6a443c2bbcf027420932e00b830403329c914a3197733ad3734a8bf260a2fc3,ab53d138b210cf04b020bd1384711c47b950a32cb434476244f23c9689229f88,IMPORT,3de7639916db271cf9a72b0180633ae9349d1c22939fb4a1dbd23a089338be97,2ccc7cbc12d5a82360822a3539a3f6b5ea66724e13716755bd75345997bd2526,d82b139b26f565eeef514142bfe134dc337d3607b1c7076dd489a5570e5df831,,,,,,,,,,,,,,,,,,,,,,,,,,,,,,,,,,,,,,,,,,,,,,,,,,,,,,,
7ddf2421-de2f-4d18-acce-015b5f0512f0,2026-07-05T14:58:34.174Z,baae3a89-81f6-4b4a-a216-7cbaedcc401c,903e5cf9-8d23-47e5-98e2-26ef0af48edb,94dd4a43-f2b5-4808-9dec-9528ca43ff79,,6fc33211-70e4-40ca-9467-dd8285dfd55e,basiser@163.com,audit.configuration,,7ddf2421-de2f-4d18-acce-015b5f0512f0,basiser@163.com,2026-07-05T14:58:34.174824514Z,fe668e7d-3a94-4175-bb80-64500444055d,True,objectId,,changedConfigurationPropertyKeys,,,,,,,,,,,,,,,,,END,audit.configuration,baae3a89-81f6-4b4a-a216-7cbaedcc401c,,,,,,,,,,,,,,,,,,,,,,,,,,,,,,,,,,,,,,,,,,,,,,,,,,,,,,,,,,,,,,,"etag, tokenServiceURL",prd-cas,,,,,,,,,,,,,,,,,,,,,,,,,,,,,,,,,,,,,,,,,,,,,,,,,,,,,,,,,,,,,,,,,,,,,,,,,,,,,,,,,,,,,,,,,,,,,,,,,,,,,,,,,,,,,,,,,,,,,,,,,,,,,,,,,,,,,,,,,,,,,,,,,,,,,,,,,,,,,,,,,,,,,,,,,,,,,,,,,,,,,,,,,,,,,,,,,,,,,,,,,,,,,,,,,,,,,,,,,,,,,,,,,,,,,,,,,,,,,,,,,,,,,,,,,,,,,,About to perform: UPDATE from com.sap.cloud.cf.destinations.audit.AuditLogOperationHelper,About to perform,Update,com.sap.cloud.cf.destinations.audit.AuditLogOperationHelper,,,,,,,,,,,,HTTP,1783257656041,,ef352d2fe25fd4974e6393490fd75857ce2e133805e286b440fd00fdbbf0a1e4,COCKPIT,CMK_V2,1783263465328,baae3a89-81f6-4b4a-a216-7cbaedcc401c,,a65a3f1e4d649e6b5f908540d5816978490a19034fd179e7d795bca6017a4e5d,,OAuth2ClientCredentials,False,Internet,https://content-agent-engine.cfapps.us10.hana.ondemand.com,prd-cas,,HTTP,1783257656041,,f21454e3949f99efe90222de43cb550964402bd89199e88e613ef821e41b17f5,COCKPIT,CMK_V2,1783263465328,baae3a89-81f6-4b4a-a216-7cbaedcc401c,,a65a3f1e4d649e6b5f908540d5816978490a19034fd179e7d795bca6017a4e5d,,OAuth2ClientCredentials,False,Internet,https://content-agent-engine.cfapps.us10.hana.ondemand.com,prd-cas,,,,,,,,,,,ab53d138b210cf04b020bd1384711c47b950a32cb434476244f23c9689229f88,IMPORT,3de7639916db271cf9a72b0180633ae9349d1c22939fb4a1dbd23a089338be97,2ccc7cbc12d5a82360822a3539a3f6b5ea66724e13716755bd75345997bd2526,d82b139b26f565eeef514142bfe134dc337d3607b1c7076dd489a5570e5df831,ab53d138b210cf04b020bd1384711c47b950a32cb434476244f23c9689229f88,IMPORT,3de7639916db271cf9a72b0180633ae9349d1c22939fb4a1dbd23a089338be97,e6009eba359e48c2a8b192d70ec1cad1e92e8cbbcccffacff90d0dd3ec7cdb7b,d82b139b26f565eeef514142bfe134dc337d3607b1c7076dd489a5570e5df831,,,,,,,,,,,,,,,,,,,,,,,,,,,,,,,,,,,,,,,,,,,,,,,,,,,,,,,
7c288738-d4aa-4710-8d96-930eac7ab56e,2026-07-05T14:58:34.174Z,baae3a89-81f6-4b4a-a216-7cbaedcc401c,903e5cf9-8d23-47e5-98e2-26ef0af48edb,94dd4a43-f2b5-4808-9dec-9528ca43ff79,,6fc33211-70e4-40ca-9467-dd8285dfd55e,basiser@163.com,audit.configuration,,7c288738-d4aa-4710-8d96-930eac7ab56e,basiser@163.com,2026-07-05T14:58:34.174824514Z,8407f210-331e-4697-b42a-f9a883b156f8,,objectId,,changedConfigurationPropertyKeys,,,,,,,,,,,,,,,,,BEGIN,audit.configuration,baae3a89-81f6-4b4a-a216-7cbaedcc401c,,,,,,,,,,,,,,,,,,,,,,,,,,,,,,,,,,,,,,,,,,,,,,,,,,,,,,,,,,,,,,,"etag, tokenServiceURL",prd-cas,,,,,,,,,,,,,,,,,,,,,,,,,,,,,,,,,,,,,,,,,,,,,,,,,,,,,,,,,,,,,,,,,,,,,,,,,,,,,,,,,,,,,,,,,,,,,,,,,,,,,,,,,,,,,,,,,,,,,,,,,,,,,,,,,,,,,,,,,,,,,,,,,,,,,,,,,,,,,,,,,,,,,,,,,,,,,,,,,,,,,,,,,,,,,,,,,,,,,,,,,,,,,,,,,,,,,,,,,,,,,,,,,,,,,,,,,,,,,,,,,,,,,,,,,,,,,,About to perform: UPDATE from com.sap.cloud.cf.destinations.audit.AuditLogOperationHelper,About to perform,Update,com.sap.cloud.cf.destinations.audit.AuditLogOperationHelper,,,,,,,,,,,,HTTP,1783257656041,,ef352d2fe25fd4974e6393490fd75857ce2e133805e286b440fd00fdbbf0a1e4,COCKPIT,CMK_V2,1783263465328,baae3a89-81f6-4b4a-a216-7cbaedcc401c,,a65a3f1e4d649e6b5f908540d5816978490a19034fd179e7d795bca6017a4e5d,,OAuth2ClientCredentials,False,Internet,https://content-agent-engine.cfapps.us10.hana.ondemand.com,prd-cas,,HTTP,1783257656041,,f21454e3949f99efe90222de43cb550964402bd89199e88e613ef821e41b17f5,COCKPIT,CMK_V2,1783263465328,baae3a89-81f6-4b4a-a216-7cbaedcc401c,,a65a3f1e4d649e6b5f908540d5816978490a19034fd179e7d795bca6017a4e5d,,OAuth2ClientCredentials,False,Internet,https://content-agent-engine.cfapps.us10.hana.ondemand.com,prd-cas,,,,,,,,,,,ab53d138b210cf04b020bd1384711c47b950a32cb434476244f23c9689229f88,IMPORT,3de7639916db271cf9a72b0180633ae9349d1c22939fb4a1dbd23a089338be97,2ccc7cbc12d5a82360822a3539a3f6b5ea66724e13716755bd75345997bd2526,d82b139b26f565eeef514142bfe134dc337d3607b1c7076dd489a5570e5df831,ab53d138b210cf04b020bd1384711c47b950a32cb434476244f23c9689229f88,IMPORT,3de7639916db271cf9a72b0180633ae9349d1c22939fb4a1dbd23a089338be97,e6009eba359e48c2a8b192d70ec1cad1e92e8cbbcccffacff90d0dd3ec7cdb7b,d82b139b26f565eeef514142bfe134dc337d3607b1c7076dd489a5570e5df831,,,,,,,,,,,,,,,,,,,,,,,,,,,,,,,,,,,,,,,,,,,,,,,,,,,,,,,
b6c7bafe-ae42-4a80-93a7-9a814cab8bca,2026-07-05T14:59:40.791Z,baae3a89-81f6-4b4a-a216-7cbaedcc401c,903e5cf9-8d23-47e5-98e2-26ef0af48edb,94dd4a43-f2b5-4808-9dec-9528ca43ff79,,6fc33211-70e4-40ca-9467-dd8285dfd55e,basiser@163.com,audit.configuration,,b6c7bafe-ae42-4a80-93a7-9a814cab8bca,basiser@163.com,2026-07-05T14:59:40.791678149Z,c9798ccf-aa60-4e2c-8526-0e1f3a3ee402,True,objectId,,changedConfigurationPropertyKeys,,,,,,,,,,,,,,,,,END,audit.configuration,baae3a89-81f6-4b4a-a216-7cbaedcc401c,,,,,,,,,,,,,,,,,,,,,,,,,,,,,,,,,,,,,,,,,,,,,,,,,,,,,,,,,,,,,,,"clientId, etag, tokenServiceURL, clientSecret, URL",qas-cas,,,,,,,,,,,,,,,,,,,,,,,,,,,,,,,,,,,,,,,,,,,,,,,,,,,,,,,,,,,,,,,,,,,,,,,,,,,,,,,,,,,,,,,,,,,,,,,,,,,,,,,,,,,,,,,,,,,,,,,,,,,,,,,,,,,,,,,,,,,,,,,,,,,,,,,,,,,,,,,,,,,,,,,,,,,,,,,,,,,,,,,,,,,,,,,,,,,,,,,,,,,,,,,,,,,,,,,,,,,,,,,,,,,,,,,,,,,,,,,,,,,,,,,,,,,,,,About to perform: UPDATE from com.sap.cloud.cf.destinations.audit.AuditLogOperationHelper,About to perform,Update,com.sap.cloud.cf.destinations.audit.AuditLogOperationHelper,,,,,,,,,,,,HTTP,1783257555412,,58526defec5b674fb01c246c8fd2ee36ba33c9cf43a8efbd55c1d452bc0fca50,COCKPIT,CMK_V2,1783257555412,baae3a89-81f6-4b4a-a216-7cbaedcc401c,,a65a3f1e4d649e6b5f908540d5816978490a19034fd179e7d795bca6017a4e5d,,OAuth2ClientCredentials,False,Internet,https://content-agent-assembly.cfapps.us10.hana.ondemand.com,qas-cas,,HTTP,1783257555412,,90de08ad2022b78f96a8ef7864c715ebcd903f7118b493f13f9c6b570f1dc8cc,COCKPIT,CMK_V2,1783257555412,baae3a89-81f6-4b4a-a216-7cbaedcc401c,,a65a3f1e4d649e6b5f908540d5816978490a19034fd179e7d795bca6017a4e5d,,OAuth2ClientCredentials,False,Internet,https://content-agent-engine.cfapps.us10.hana.ondemand.com,qas-cas,,,,,,,,,,,ab53d138b210cf04b020bd1384711c47b950a32cb434476244f23c9689229f88,IMPORT,a8d18d427fcb4e6f296bb0f2c5cffb7b8a71dd61841786a2fbf60233f7a5d207,2ccc7cbc12d5a82360822a3539a3f6b5ea66724e13716755bd75345997bd2526,d6a443c2bbcf027420932e00b830403329c914a3197733ad3734a8bf260a2fc3,ab53d138b210cf04b020bd1384711c47b950a32cb434476244f23c9689229f88,IMPORT,3de7639916db271cf9a72b0180633ae9349d1c22939fb4a1dbd23a089338be97,e6009eba359e48c2a8b192d70ec1cad1e92e8cbbcccffacff90d0dd3ec7cdb7b,d82b139b26f565eeef514142bfe134dc337d3607b1c7076dd489a5570e5df831,,,,,,,,,,,,,,,,,,,,,,,,,,,,,,,,,,,,,,,,,,,,,,,,,,,,,,,
21785377-9a9a-48ab-8b52-320936583703,2026-07-05T14:59:40.791Z,baae3a89-81f6-4b4a-a216-7cbaedcc401c,903e5cf9-8d23-47e5-98e2-26ef0af48edb,94dd4a43-f2b5-4808-9dec-9528ca43ff79,,6fc33211-70e4-40ca-9467-dd8285dfd55e,basiser@163.com,audit.configuration,,21785377-9a9a-48ab-8b52-320936583703,basiser@163.com,2026-07-05T14:59:40.791678149Z,f5240fe7-48f2-4603-8278-21634588b65d,,objectId,,changedConfigurationPropertyKeys,,,,,,,,,,,,,,,,,BEGIN,audit.configuration,baae3a89-81f6-4b4a-a216-7cbaedcc401c,,,,,,,,,,,,,,,,,,,,,,,,,,,,,,,,,,,,,,,,,,,,,,,,,,,,,,,,,,,,,,,"clientId, etag, tokenServiceURL, clientSecret, URL",qas-cas,,,,,,,,,,,,,,,,,,,,,,,,,,,,,,,,,,,,,,,,,,,,,,,,,,,,,,,,,,,,,,,,,,,,,,,,,,,,,,,,,,,,,,,,,,,,,,,,,,,,,,,,,,,,,,,,,,,,,,,,,,,,,,,,,,,,,,,,,,,,,,,,,,,,,,,,,,,,,,,,,,,,,,,,,,,,,,,,,,,,,,,,,,,,,,,,,,,,,,,,,,,,,,,,,,,,,,,,,,,,,,,,,,,,,,,,,,,,,,,,,,,,,,,,,,,,,,About to perform: UPDATE from com.sap.cloud.cf.destinations.audit.AuditLogOperationHelper,About to perform,Update,com.sap.cloud.cf.destinations.audit.AuditLogOperationHelper,,,,,,,,,,,,HTTP,1783257555412,,58526defec5b674fb01c246c8fd2ee36ba33c9cf43a8efbd55c1d452bc0fca50,COCKPIT,CMK_V2,1783257555412,baae3a89-81f6-4b4a-a216-7cbaedcc401c,,a65a3f1e4d649e6b5f908540d5816978490a19034fd179e7d795bca6017a4e5d,,OAuth2ClientCredentials,False,Internet,https://content-agent-assembly.cfapps.us10.hana.ondemand.com,qas-cas,,HTTP,1783257555412,,90de08ad2022b78f96a8ef7864c715ebcd903f7118b493f13f9c6b570f1dc8cc,COCKPIT,CMK_V2,1783257555412,baae3a89-81f6-4b4a-a216-7cbaedcc401c,,a65a3f1e4d649e6b5f908540d5816978490a19034fd179e7d795bca6017a4e5d,,OAuth2ClientCredentials,False,Internet,https://content-agent-engine.cfapps.us10.hana.ondemand.com,qas-cas,,,,,,,,,,,ab53d138b210cf04b020bd1384711c47b950a32cb434476244f23c9689229f88,IMPORT,a8d18d427fcb4e6f296bb0f2c5cffb7b8a71dd61841786a2fbf60233f7a5d207,2ccc7cbc12d5a82360822a3539a3f6b5ea66724e13716755bd75345997bd2526,d6a443c2bbcf027420932e00b830403329c914a3197733ad3734a8bf260a2fc3,ab53d138b210cf04b020bd1384711c47b950a32cb434476244f23c9689229f88,IMPORT,3de7639916db271cf9a72b0180633ae9349d1c22939fb4a1dbd23a089338be97,e6009eba359e48c2a8b192d70ec1cad1e92e8cbbcccffacff90d0dd3ec7cdb7b,d82b139b26f565eeef514142bfe134dc337d3607b1c7076dd489a5570e5df831,,,,,,,,,,,,,,,,,,,,,,,,,,,,,,,,,,,,,,,,,,,,,,,,,,,,,,,
e3f88a0a-cf22-4c63-828c-97fb8be33230,2026-07-05T15:01:09.842Z,baae3a89-81f6-4b4a-a216-7cbaedcc401c,903e5cf9-8d23-47e5-98e2-26ef0af48edb,94dd4a43-f2b5-4808-9dec-9528ca43ff79,,6fc33211-70e4-40ca-9467-dd8285dfd55e,basiser@163.com,audit.configuration,,e3f88a0a-cf22-4c63-828c-97fb8be33230,basiser@163.com,2026-07-05T15:01:09.842396096Z,952788af-f80a-4d3f-83bf-b17925106f50,,objectId,,changedConfigurationPropertyKeys,,,,,,,,,,,,,,,,,BEGIN,audit.configuration,baae3a89-81f6-4b4a-a216-7cbaedcc401c,,,,,,,,,,,,,,,,,,,,,,,,,,,,,,,,,,,,,,,,,,,,,,,,,,,,,,,,,,,,,,,"etag, tokenServiceURL",qas-cas,,,,,,,,,,,,,,,,,,,,,,,,,,,,,,,,,,,,,,,,,,,,,,,,,,,,,,,,,,,,,,,,,,,,,,,,,,,,,,,,,,,,,,,,,,,,,,,,,,,,,,,,,,,,,,,,,,,,,,,,,,,,,,,,,,,,,,,,,,,,,,,,,,,,,,,,,,,,,,,,,,,,,,,,,,,,,,,,,,,,,,,,,,,,,,,,,,,,,,,,,,,,,,,,,,,,,,,,,,,,,,,,,,,,,,,,,,,,,,,,,,,,,,,,,,,,,,About to perform: UPDATE from com.sap.cloud.cf.destinations.audit.AuditLogOperationHelper,About to perform,Update,com.sap.cloud.cf.destinations.audit.AuditLogOperationHelper,,,,,,,,,,,,HTTP,1783257555412,,90de08ad2022b78f96a8ef7864c715ebcd903f7118b493f13f9c6b570f1dc8cc,COCKPIT,CMK_V2,1783263580949,baae3a89-81f6-4b4a-a216-7cbaedcc401c,,a65a3f1e4d649e6b5f908540d5816978490a19034fd179e7d795bca6017a4e5d,,OAuth2ClientCredentials,False,Internet,https://content-agent-engine.cfapps.us10.hana.ondemand.com,qas-cas,,HTTP,1783257555412,,370d42488a03b17d61b483a2dfe3454b46ef9427cb910386086bf549db40716d,COCKPIT,CMK_V2,1783263580949,baae3a89-81f6-4b4a-a216-7cbaedcc401c,,a65a3f1e4d649e6b5f908540d5816978490a19034fd179e7d795bca6017a4e5d,,OAuth2ClientCredentials,False,Internet,https://content-agent-engine.cfapps.us10.hana.ondemand.com,qas-cas,,,,,,,,,,,ab53d138b210cf04b020bd1384711c47b950a32cb434476244f23c9689229f88,IMPORT,3de7639916db271cf9a72b0180633ae9349d1c22939fb4a1dbd23a089338be97,e6009eba359e48c2a8b192d70ec1cad1e92e8cbbcccffacff90d0dd3ec7cdb7b,d82b139b26f565eeef514142bfe134dc337d3607b1c7076dd489a5570e5df831,ab53d138b210cf04b020bd1384711c47b950a32cb434476244f23c9689229f88,IMPORT,3de7639916db271cf9a72b0180633ae9349d1c22939fb4a1dbd23a089338be97,94b01635807a9295583512df181960302abdbed310b2b8dad64538de497ef3df,d82b139b26f565eeef514142bfe134dc337d3607b1c7076dd489a5570e5df831,,,,,,,,,,,,,,,,,,,,,,,,,,,,,,,,,,,,,,,,,,,,,,,,,,,,,,,
5efa448d-6752-471d-80cc-b6719c5aaa04,2026-07-05T15:01:09.842Z,baae3a89-81f6-4b4a-a216-7cbaedcc401c,903e5cf9-8d23-47e5-98e2-26ef0af48edb,94dd4a43-f2b5-4808-9dec-9528ca43ff79,,6fc33211-70e4-40ca-9467-dd8285dfd55e,basiser@163.com,audit.configuration,,5efa448d-6752-471d-80cc-b6719c5aaa04,basiser@163.com,2026-07-05T15:01:09.842396096Z,754fcbb4-fb38-4290-9a15-01878d447ce3,True,objectId,,changedConfigurationPropertyKeys,,,,,,,,,,,,,,,,,END,audit.configuration,baae3a89-81f6-4b4a-a216-7cbaedcc401c,,,,,,,,,,,,,,,,,,,,,,,,,,,,,,,,,,,,,,,,,,,,,,,,,,,,,,,,,,,,,,,"etag, tokenServiceURL",qas-cas,,,,,,,,,,,,,,,,,,,,,,,,,,,,,,,,,,,,,,,,,,,,,,,,,,,,,,,,,,,,,,,,,,,,,,,,,,,,,,,,,,,,,,,,,,,,,,,,,,,,,,,,,,,,,,,,,,,,,,,,,,,,,,,,,,,,,,,,,,,,,,,,,,,,,,,,,,,,,,,,,,,,,,,,,,,,,,,,,,,,,,,,,,,,,,,,,,,,,,,,,,,,,,,,,,,,,,,,,,,,,,,,,,,,,,,,,,,,,,,,,,,,,,,,,,,,,,About to perform: UPDATE from com.sap.cloud.cf.destinations.audit.AuditLogOperationHelper,About to perform,Update,com.sap.cloud.cf.destinations.audit.AuditLogOperationHelper,,,,,,,,,,,,HTTP,1783257555412,,90de08ad2022b78f96a8ef7864c715ebcd903f7118b493f13f9c6b570f1dc8cc,COCKPIT,CMK_V2,1783263580949,baae3a89-81f6-4b4a-a216-7cbaedcc401c,,a65a3f1e4d649e6b5f908540d5816978490a19034fd179e7d795bca6017a4e5d,,OAuth2ClientCredentials,False,Internet,https://content-agent-engine.cfapps.us10.hana.ondemand.com,qas-cas,,HTTP,1783257555412,,370d42488a03b17d61b483a2dfe3454b46ef9427cb910386086bf549db40716d,COCKPIT,CMK_V2,1783263580949,baae3a89-81f6-4b4a-a216-7cbaedcc401c,,a65a3f1e4d649e6b5f908540d5816978490a19034fd179e7d795bca6017a4e5d,,OAuth2ClientCredentials,False,Internet,https://content-agent-engine.cfapps.us10.hana.ondemand.com,qas-cas,,,,,,,,,,,ab53d138b210cf04b020bd1384711c47b950a32cb434476244f23c9689229f88,IMPORT,3de7639916db271cf9a72b0180633ae9349d1c22939fb4a1dbd23a089338be97,e6009eba359e48c2a8b192d70ec1cad1e92e8cbbcccffacff90d0dd3ec7cdb7b,d82b139b26f565eeef514142bfe134dc337d3607b1c7076dd489a5570e5df831,ab53d138b210cf04b020bd1384711c47b950a32cb434476244f23c9689229f88,IMPORT,3de7639916db271cf9a72b0180633ae9349d1c22939fb4a1dbd23a089338be97,94b01635807a9295583512df181960302abdbed310b2b8dad64538de497ef3df,d82b139b26f565eeef514142bfe134dc337d3607b1c7076dd489a5570e5df831,,,,,,,,,,,,,,,,,,,,,,,,,,,,,,,,,,,,,,,,,,,,,,,,,,,,,,,
e725d696-c149-4696-9564-78f208488c95,2026-07-05T15:02:07.120Z,baae3a89-81f6-4b4a-a216-7cbaedcc401c,903e5cf9-8d23-47e5-98e2-26ef0af48edb,94dd4a43-f2b5-4808-9dec-9528ca43ff79,,6fc33211-70e4-40ca-9467-dd8285dfd55e,basiser@163.com,audit.configuration,,e725d696-c149-4696-9564-78f208488c95,basiser@163.com,2026-07-05T15:02:07.120655792Z,d162b377-3275-43c9-8b4e-31a4c85fad29,True,objectId,,changedConfigurationPropertyKeys,,,,,,,,,,,,,,,,,END,audit.configuration,baae3a89-81f6-4b4a-a216-7cbaedcc401c,,,,,,,,,,,,,,,,,,,,,,,,,,,,,,,,,,,,,,,,,,,,,,,,,,,,,,,,,,,,,,,"etag, tokenServiceURL",prd-cas,,,,,,,,,,,,,,,,,,,,,,,,,,,,,,,,,,,,,,,,,,,,,,,,,,,,,,,,,,,,,,,,,,,,,,,,,,,,,,,,,,,,,,,,,,,,,,,,,,,,,,,,,,,,,,,,,,,,,,,,,,,,,,,,,,,,,,,,,,,,,,,,,,,,,,,,,,,,,,,,,,,,,,,,,,,,,,,,,,,,,,,,,,,,,,,,,,,,,,,,,,,,,,,,,,,,,,,,,,,,,,,,,,,,,,,,,,,,,,,,,,,,,,,,,,,,,,About to perform: UPDATE from com.sap.cloud.cf.destinations.audit.AuditLogOperationHelper,About to perform,Update,com.sap.cloud.cf.destinations.audit.AuditLogOperationHelper,,,,,,,,,,,,HTTP,1783257656041,,f21454e3949f99efe90222de43cb550964402bd89199e88e613ef821e41b17f5,COCKPIT,CMK_V2,1783263514231,baae3a89-81f6-4b4a-a216-7cbaedcc401c,,a65a3f1e4d649e6b5f908540d5816978490a19034fd179e7d795bca6017a4e5d,,OAuth2ClientCredentials,False,Internet,https://content-agent-engine.cfapps.us10.hana.ondemand.com,prd-cas,,HTTP,1783257656041,,af5afa118eabb4893682d9e810bfbf134858db97e8fc124d893e75d792b0d96d,COCKPIT,CMK_V2,1783263514231,baae3a89-81f6-4b4a-a216-7cbaedcc401c,,a65a3f1e4d649e6b5f908540d5816978490a19034fd179e7d795bca6017a4e5d,,OAuth2ClientCredentials,False,Internet,https://content-agent-engine.cfapps.us10.hana.ondemand.com,prd-cas,,,,,,,,,,,ab53d138b210cf04b020bd1384711c47b950a32cb434476244f23c9689229f88,IMPORT,3de7639916db271cf9a72b0180633ae9349d1c22939fb4a1dbd23a089338be97,e6009eba359e48c2a8b192d70ec1cad1e92e8cbbcccffacff90d0dd3ec7cdb7b,d82b139b26f565eeef514142bfe134dc337d3607b1c7076dd489a5570e5df831,ab53d138b210cf04b020bd1384711c47b950a32cb434476244f23c9689229f88,IMPORT,3de7639916db271cf9a72b0180633ae9349d1c22939fb4a1dbd23a089338be97,94b01635807a9295583512df181960302abdbed310b2b8dad64538de497ef3df,d82b139b26f565eeef514142bfe134dc337d3607b1c7076dd489a5570e5df831,,,,,,,,,,,,,,,,,,,,,,,,,,,,,,,,,,,,,,,,,,,,,,,,,,,,,,,
5ba2e09d-6612-419d-b02c-b918bbb621e6,2026-07-05T15:02:07.120Z,baae3a89-81f6-4b4a-a216-7cbaedcc401c,903e5cf9-8d23-47e5-98e2-26ef0af48edb,94dd4a43-f2b5-4808-9dec-9528ca43ff79,,6fc33211-70e4-40ca-9467-dd8285dfd55e,basiser@163.com,audit.configuration,,5ba2e09d-6612-419d-b02c-b918bbb621e6,basiser@163.com,2026-07-05T15:02:07.120655792Z,0e333c8a-b9db-4be9-9aa1-d78f40085a60,,objectId,,changedConfigurationPropertyKeys,,,,,,,,,,,,,,,,,BEGIN,audit.configuration,baae3a89-81f6-4b4a-a216-7cbaedcc401c,,,,,,,,,,,,,,,,,,,,,,,,,,,,,,,,,,,,,,,,,,,,,,,,,,,,,,,,,,,,,,,"etag, tokenServiceURL",prd-cas,,,,,,,,,,,,,,,,,,,,,,,,,,,,,,,,,,,,,,,,,,,,,,,,,,,,,,,,,,,,,,,,,,,,,,,,,,,,,,,,,,,,,,,,,,,,,,,,,,,,,,,,,,,,,,,,,,,,,,,,,,,,,,,,,,,,,,,,,,,,,,,,,,,,,,,,,,,,,,,,,,,,,,,,,,,,,,,,,,,,,,,,,,,,,,,,,,,,,,,,,,,,,,,,,,,,,,,,,,,,,,,,,,,,,,,,,,,,,,,,,,,,,,,,,,,,,,About to perform: UPDATE from com.sap.cloud.cf.destinations.audit.AuditLogOperationHelper,About to perform,Update,com.sap.cloud.cf.destinations.audit.AuditLogOperationHelper,,,,,,,,,,,,HTTP,1783257656041,,f21454e3949f99efe90222de43cb550964402bd89199e88e613ef821e41b17f5,COCKPIT,CMK_V2,1783263514231,baae3a89-81f6-4b4a-a216-7cbaedcc401c,,a65a3f1e4d649e6b5f908540d5816978490a19034fd179e7d795bca6017a4e5d,,OAuth2ClientCredentials,False,Internet,https://content-agent-engine.cfapps.us10.hana.ondemand.com,prd-cas,,HTTP,1783257656041,,af5afa118eabb4893682d9e810bfbf134858db97e8fc124d893e75d792b0d96d,COCKPIT,CMK_V2,1783263514231,baae3a89-81f6-4b4a-a216-7cbaedcc401c,,a65a3f1e4d649e6b5f908540d5816978490a19034fd179e7d795bca6017a4e5d,,OAuth2ClientCredentials,False,Internet,https://content-agent-engine.cfapps.us10.hana.ondemand.com,prd-cas,,,,,,,,,,,ab53d138b210cf04b020bd1384711c47b950a32cb434476244f23c9689229f88,IMPORT,3de7639916db271cf9a72b0180633ae9349d1c22939fb4a1dbd23a089338be97,e6009eba359e48c2a8b192d70ec1cad1e92e8cbbcccffacff90d0dd3ec7cdb7b,d82b139b26f565eeef514142bfe134dc337d3607b1c7076dd489a5570e5df831,ab53d138b210cf04b020bd1384711c47b950a32cb434476244f23c9689229f88,IMPORT,3de7639916db271cf9a72b0180633ae9349d1c22939fb4a1dbd23a089338be97,94b01635807a9295583512df181960302abdbed310b2b8dad64538de497ef3df,d82b139b26f565eeef514142bfe134dc337d3607b1c7076dd489a5570e5df831,,,,,,,,,,,,,,,,,,,,,,,,,,,,,,,,,,,,,,,,,,,,,,,,,,,,,,,
4d9d53ba-7755-491e-a300-cd45141340c1,2026-07-05T15:08:28.428Z,baae3a89-81f6-4b4a-a216-7cbaedcc401c,903e5cf9-8d23-47e5-98e2-26ef0af48edb,94dd4a43-f2b5-4808-9dec-9528ca43ff79,,6fc33211-70e4-40ca-9467-dd8285dfd55e,basiser@163.com,audit.configuration,,4d9d53ba-7755-491e-a300-cd45141340c1,basiser@163.com,2026-07-05T15:08:28.428725496Z,7c46df09-b197-4f8c-8f98-023ad326b352,,objectId,,changedConfigurationPropertyKeys,,,,,,,,,,,,,,,,,BEGIN,audit.configuration,baae3a89-81f6-4b4a-a216-7cbaedcc401c,,,,,,,,,,,,,,,,,,,,,,,,,,,,,,,,,,,,,,,,,,,,,,,,,,,,,,,,,,,,,,,"etag, URL",TransportManagementService,,,,,,,,,,,,,,,,,,,,,,,,,,,,,,,,,,,,,,,,,,,,,,,,,,,,,,,,,,,,,,,,,,,,,,,,,,,,,,,,,,,,,,,,,,,,,,,,,,,,,,,,,,,,,,,,,,,,,,,,,,,,,,,,,,,,,,,,,,,,,,,,,,,,,,,,,,,,,,,,,,,,,,,,,,,,,,,,,,,,,,,,,,,,,,,,,,,,,,,,,,,,,,,,,,,,,,,,,,,,,,,,,,,,,,,,,,,,,,,,,,,,,,,,,,,,,,About to perform: UPDATE from com.sap.cloud.cf.destinations.audit.AuditLogOperationHelper,About to perform,Update,com.sap.cloud.cf.destinations.audit.AuditLogOperationHelper,,,,,,,,,,,,HTTP,1783256551289,,bc837491d2f2a3df26f113be0c3b2f3add3b567a6e7027723ef9d3694e02ac34,COCKPIT,CMK_V2,1783256551289,baae3a89-81f6-4b4a-a216-7cbaedcc401c,,a65a3f1e4d649e6b5f908540d5816978490a19034fd179e7d795bca6017a4e5d,,OAuth2ClientCredentials,False,Internet,https://8b14fc54trial.authentication.us10.hana.ondemand.com,TransportManagementService,,HTTP,1783256551289,,25a31c3faec33458f17bc0897e78879c80fbeb43a18c2832757f8fbced609ae6,COCKPIT,CMK_V2,1783256551289,baae3a89-81f6-4b4a-a216-7cbaedcc401c,,a65a3f1e4d649e6b5f908540d5816978490a19034fd179e7d795bca6017a4e5d,,OAuth2ClientCredentials,False,Internet,https://transport-service-app-backend.ts.cfapps.us10.hana.ondemand.com,TransportManagementService,,,,,,,,,,,ab53d138b210cf04b020bd1384711c47b950a32cb434476244f23c9689229f88,,e0b92a32fffd6ad202c29036cb8471075c6c62950eca430f416a03f4b36193b7,94b01635807a9295583512df181960302abdbed310b2b8dad64538de497ef3df,36c2019300671058d2e956c134457141d6dae5cecbd24759cc3e22bf094de3cf,ab53d138b210cf04b020bd1384711c47b950a32cb434476244f23c9689229f88,,e0b92a32fffd6ad202c29036cb8471075c6c62950eca430f416a03f4b36193b7,94b01635807a9295583512df181960302abdbed310b2b8dad64538de497ef3df,36c2019300671058d2e956c134457141d6dae5cecbd24759cc3e22bf094de3cf,aa9dd46e47601b3fcbf39a20c6cf25c4486f2b205dc6a1c2cc81e83d21a513c4,aa9dd46e47601b3fcbf39a20c6cf25c4486f2b205dc6a1c2cc81e83d21a513c4,aa9dd46e47601b3fcbf39a20c6cf25c4486f2b205dc6a1c2cc81e83d21a513c4,aa9dd46e47601b3fcbf39a20c6cf25c4486f2b205dc6a1c2cc81e83d21a513c4,aa9dd46e47601b3fcbf39a20c6cf25c4486f2b205dc6a1c2cc81e83d21a513c4,aa9dd46e47601b3fcbf39a20c6cf25c4486f2b205dc6a1c2cc81e83d21a513c4,aa9dd46e47601b3fcbf39a20c6cf25c4486f2b205dc6a1c2cc81e83d21a513c4,aa9dd46e47601b3fcbf39a20c6cf25c4486f2b205dc6a1c2cc81e83d21a513c4,,,,,,,,,,,,,,,,,,,,,,,,,,,,,,,,,,,,,,,,,,,,,,,
1e6eb2db-a80c-4627-abf9-f820a518e6b7,2026-07-05T15:08:28.428Z,baae3a89-81f6-4b4a-a216-7cbaedcc401c,903e5cf9-8d23-47e5-98e2-26ef0af48edb,94dd4a43-f2b5-4808-9dec-9528ca43ff79,,6fc33211-70e4-40ca-9467-dd8285dfd55e,basiser@163.com,audit.configuration,,1e6eb2db-a80c-4627-abf9-f820a518e6b7,basiser@163.com,2026-07-05T15:08:28.428725496Z,b096fbf1-6741-4aa2-8c72-5d8c39051a6d,True,objectId,,changedConfigurationPropertyKeys,,,,,,,,,,,,,,,,,END,audit.configuration,baae3a89-81f6-4b4a-a216-7cbaedcc401c,,,,,,,,,,,,,,,,,,,,,,,,,,,,,,,,,,,,,,,,,,,,,,,,,,,,,,,,,,,,,,,"etag, URL",TransportManagementService,,,,,,,,,,,,,,,,,,,,,,,,,,,,,,,,,,,,,,,,,,,,,,,,,,,,,,,,,,,,,,,,,,,,,,,,,,,,,,,,,,,,,,,,,,,,,,,,,,,,,,,,,,,,,,,,,,,,,,,,,,,,,,,,,,,,,,,,,,,,,,,,,,,,,,,,,,,,,,,,,,,,,,,,,,,,,,,,,,,,,,,,,,,,,,,,,,,,,,,,,,,,,,,,,,,,,,,,,,,,,,,,,,,,,,,,,,,,,,,,,,,,,,,,,,,,,,About to perform: UPDATE from com.sap.cloud.cf.destinations.audit.AuditLogOperationHelper,About to perform,Update,com.sap.cloud.cf.destinations.audit.AuditLogOperationHelper,,,,,,,,,,,,HTTP,1783256551289,,bc837491d2f2a3df26f113be0c3b2f3add3b567a6e7027723ef9d3694e02ac34,COCKPIT,CMK_V2,1783256551289,baae3a89-81f6-4b4a-a216-7cbaedcc401c,,a65a3f1e4d649e6b5f908540d5816978490a19034fd179e7d795bca6017a4e5d,,OAuth2ClientCredentials,False,Internet,https://8b14fc54trial.authentication.us10.hana.ondemand.com,TransportManagementService,,HTTP,1783256551289,,25a31c3faec33458f17bc0897e78879c80fbeb43a18c2832757f8fbced609ae6,COCKPIT,CMK_V2,1783256551289,baae3a89-81f6-4b4a-a216-7cbaedcc401c,,a65a3f1e4d649e6b5f908540d5816978490a19034fd179e7d795bca6017a4e5d,,OAuth2ClientCredentials,False,Internet,https://transport-service-app-backend.ts.cfapps.us10.hana.ondemand.com,TransportManagementService,,,,,,,,,,,ab53d138b210cf04b020bd1384711c47b950a32cb434476244f23c9689229f88,,e0b92a32fffd6ad202c29036cb8471075c6c62950eca430f416a03f4b36193b7,94b01635807a9295583512df181960302abdbed310b2b8dad64538de497ef3df,36c2019300671058d2e956c134457141d6dae5cecbd24759cc3e22bf094de3cf,ab53d138b210cf04b020bd1384711c47b950a32cb434476244f23c9689229f88,,e0b92a32fffd6ad202c29036cb8471075c6c62950eca430f416a03f4b36193b7,94b01635807a9295583512df181960302abdbed310b2b8dad64538de497ef3df,36c2019300671058d2e956c134457141d6dae5cecbd24759cc3e22bf094de3cf,aa9dd46e47601b3fcbf39a20c6cf25c4486f2b205dc6a1c2cc81e83d21a513c4,aa9dd46e47601b3fcbf39a20c6cf25c4486f2b205dc6a1c2cc81e83d21a513c4,aa9dd46e47601b3fcbf39a20c6cf25c4486f2b205dc6a1c2cc81e83d21a513c4,aa9dd46e47601b3fcbf39a20c6cf25c4486f2b205dc6a1c2cc81e83d21a513c4,aa9dd46e47601b3fcbf39a20c6cf25c4486f2b205dc6a1c2cc81e83d21a513c4,aa9dd46e47601b3fcbf39a20c6cf25c4486f2b205dc6a1c2cc81e83d21a513c4,aa9dd46e47601b3fcbf39a20c6cf25c4486f2b205dc6a1c2cc81e83d21a513c4,aa9dd46e47601b3fcbf39a20c6cf25c4486f2b205dc6a1c2cc81e83d21a513c4,,,,,,,,,,,,,,,,,,,,,,,,,,,,,,,,,,,,,,,,,,,,,,,
2b09264a-c46c-4404-9b50-a4ac195447c2,2026-07-05T15:11:40.767Z,baae3a89-81f6-4b4a-a216-7cbaedcc401c,903e5cf9-8d23-47e5-98e2-26ef0af48edb,94dd4a43-f2b5-4808-9dec-9528ca43ff79,,6fc33211-70e4-40ca-9467-dd8285dfd55e,basiser@163.com,audit.configuration,,2b09264a-c46c-4404-9b50-a4ac195447c2,basiser@163.com,2026-07-05T15:11:40.767418409Z,939b968e-e76d-464d-882e-eb0bdfb8cd53,,objectId,,changedConfigurationPropertyKeys,,,,,,,,,,,,,,,,,BEGIN,audit.configuration,baae3a89-81f6-4b4a-a216-7cbaedcc401c,,,,,,,,,,,,,,,,,,,,,,,,,,,,,,,,,,,,,,,,,,,,,,,,,,,,,,,,,,,,,,,"sourceSystemId, etag, sourceSystemId.APIManagement, sourceSystemId.CPI, sourceSystemId.sap.build",TransportManagementService,,,,,,,,,,,,,,,,,,,,,,,,,,,,,,,,,,,,,,,,,,,,,,,,,,,,,,,,,,,,,,,,,,,,,,,,,,,,,,,,,,,,,,,,,,,,,,,,,,,,,,,,,,,,,,,,,,,,,,,,,,,,,,,,,,,,,,,,,,,,,,,,,,,,,,,,,,,,,,,,,,,,,,,,,,,,,,,,,,,,,,,,,,,,,,,,,,,,,,,,,,,,,,,,,,,,,,,,,,,,,,,,,,,,,,,,,,,,,,,,,,,,,,,,,,,,,,About to perform: UPDATE from com.sap.cloud.cf.destinations.audit.AuditLogOperationHelper,About to perform,Update,com.sap.cloud.cf.destinations.audit.AuditLogOperationHelper,,,,,,,,,,,,HTTP,1783256551289,,25a31c3faec33458f17bc0897e78879c80fbeb43a18c2832757f8fbced609ae6,COCKPIT,CMK_V2,1783264108655,baae3a89-81f6-4b4a-a216-7cbaedcc401c,,a65a3f1e4d649e6b5f908540d5816978490a19034fd179e7d795bca6017a4e5d,,OAuth2ClientCredentials,False,Internet,https://transport-service-app-backend.ts.cfapps.us10.hana.ondemand.com,TransportManagementService,,HTTP,1783256551289,,e5d159130254330ef6cbf2217f88f1aa710eaf4c86a9d5621c9dc7eff0151886,COCKPIT,CMK_V2,1783264108655,baae3a89-81f6-4b4a-a216-7cbaedcc401c,,a65a3f1e4d649e6b5f908540d5816978490a19034fd179e7d795bca6017a4e5d,,OAuth2ClientCredentials,False,Internet,https://transport-service-app-backend.ts.cfapps.us10.hana.ondemand.com,TransportManagementService,,,,,,,,,,,ab53d138b210cf04b020bd1384711c47b950a32cb434476244f23c9689229f88,,e0b92a32fffd6ad202c29036cb8471075c6c62950eca430f416a03f4b36193b7,94b01635807a9295583512df181960302abdbed310b2b8dad64538de497ef3df,36c2019300671058d2e956c134457141d6dae5cecbd24759cc3e22bf094de3cf,ab53d138b210cf04b020bd1384711c47b950a32cb434476244f23c9689229f88,,e0b92a32fffd6ad202c29036cb8471075c6c62950eca430f416a03f4b36193b7,94b01635807a9295583512df181960302abdbed310b2b8dad64538de497ef3df,36c2019300671058d2e956c134457141d6dae5cecbd24759cc3e22bf094de3cf,aa9dd46e47601b3fcbf39a20c6cf25c4486f2b205dc6a1c2cc81e83d21a513c4,aa9dd46e47601b3fcbf39a20c6cf25c4486f2b205dc6a1c2cc81e83d21a513c4,aa9dd46e47601b3fcbf39a20c6cf25c4486f2b205dc6a1c2cc81e83d21a513c4,aa9dd46e47601b3fcbf39a20c6cf25c4486f2b205dc6a1c2cc81e83d21a513c4,3200da99ed180ecf1b295ce1fd849bec67569f597313bb60726aea53ffa63ea3,3200da99ed180ecf1b295ce1fd849bec67569f597313bb60726aea53ffa63ea3,3200da99ed180ecf1b295ce1fd849bec67569f597313bb60726aea53ffa63ea3,3200da99ed180ecf1b295ce1fd849bec67569f597313bb60726aea53ffa63ea3,,,,,,,,,,,,,,,,,,,,,,,,,,,,,,,,,,,,,,,,,,,,,,,
a91c55cb-a5a3-4472-89ac-c646171e0f9c,2026-07-05T15:11:40.767Z,baae3a89-81f6-4b4a-a216-7cbaedcc401c,903e5cf9-8d23-47e5-98e2-26ef0af48edb,94dd4a43-f2b5-4808-9dec-9528ca43ff79,,6fc33211-70e4-40ca-9467-dd8285dfd55e,basiser@163.com,audit.configuration,,a91c55cb-a5a3-4472-89ac-c646171e0f9c,basiser@163.com,2026-07-05T15:11:40.767418409Z,f2e129a6-e3ae-4a29-b484-feb875ce4f8a,True,objectId,,changedConfigurationPropertyKeys,,,,,,,,,,,,,,,,,END,audit.configuration,baae3a89-81f6-4b4a-a216-7cbaedcc401c,,,,,,,,,,,,,,,,,,,,,,,,,,,,,,,,,,,,,,,,,,,,,,,,,,,,,,,,,,,,,,,"sourceSystemId, etag, sourceSystemId.APIManagement, sourceSystemId.CPI, sourceSystemId.sap.build",TransportManagementService,,,,,,,,,,,,,,,,,,,,,,,,,,,,,,,,,,,,,,,,,,,,,,,,,,,,,,,,,,,,,,,,,,,,,,,,,,,,,,,,,,,,,,,,,,,,,,,,,,,,,,,,,,,,,,,,,,,,,,,,,,,,,,,,,,,,,,,,,,,,,,,,,,,,,,,,,,,,,,,,,,,,,,,,,,,,,,,,,,,,,,,,,,,,,,,,,,,,,,,,,,,,,,,,,,,,,,,,,,,,,,,,,,,,,,,,,,,,,,,,,,,,,,,,,,,,,,About to perform: UPDATE from com.sap.cloud.cf.destinations.audit.AuditLogOperationHelper,About to perform,Update,com.sap.cloud.cf.destinations.audit.AuditLogOperationHelper,,,,,,,,,,,,HTTP,1783256551289,,25a31c3faec33458f17bc0897e78879c80fbeb43a18c2832757f8fbced609ae6,COCKPIT,CMK_V2,1783264108655,baae3a89-81f6-4b4a-a216-7cbaedcc401c,,a65a3f1e4d649e6b5f908540d5816978490a19034fd179e7d795bca6017a4e5d,,OAuth2ClientCredentials,False,Internet,https://transport-service-app-backend.ts.cfapps.us10.hana.ondemand.com,TransportManagementService,,HTTP,1783256551289,,e5d159130254330ef6cbf2217f88f1aa710eaf4c86a9d5621c9dc7eff0151886,COCKPIT,CMK_V2,1783264108655,baae3a89-81f6-4b4a-a216-7cbaedcc401c,,a65a3f1e4d649e6b5f908540d5816978490a19034fd179e7d795bca6017a4e5d,,OAuth2ClientCredentials,False,Internet,https://transport-service-app-backend.ts.cfapps.us10.hana.ondemand.com,TransportManagementService,,,,,,,,,,,ab53d138b210cf04b020bd1384711c47b950a32cb434476244f23c9689229f88,,e0b92a32fffd6ad202c29036cb8471075c6c62950eca430f416a03f4b36193b7,94b01635807a9295583512df181960302abdbed310b2b8dad64538de497ef3df,36c2019300671058d2e956c134457141d6dae5cecbd24759cc3e22bf094de3cf,ab53d138b210cf04b020bd1384711c47b950a32cb434476244f23c9689229f88,,e0b92a32fffd6ad202c29036cb8471075c6c62950eca430f416a03f4b36193b7,94b01635807a9295583512df181960302abdbed310b2b8dad64538de497ef3df,36c2019300671058d2e956c134457141d6dae5cecbd24759cc3e22bf094de3cf,aa9dd46e47601b3fcbf39a20c6cf25c4486f2b205dc6a1c2cc81e83d21a513c4,aa9dd46e47601b3fcbf39a20c6cf25c4486f2b205dc6a1c2cc81e83d21a513c4,aa9dd46e47601b3fcbf39a20c6cf25c4486f2b205dc6a1c2cc81e83d21a513c4,aa9dd46e47601b3fcbf39a20c6cf25c4486f2b205dc6a1c2cc81e83d21a513c4,3200da99ed180ecf1b295ce1fd849bec67569f597313bb60726aea53ffa63ea3,3200da99ed180ecf1b295ce1fd849bec67569f597313bb60726aea53ffa63ea3,3200da99ed180ecf1b295ce1fd849bec67569f597313bb60726aea53ffa63ea3,3200da99ed180ecf1b295ce1fd849bec67569f597313bb60726aea53ffa63ea3,,,,,,,,,,,,,,,,,,,,,,,,,,,,,,,,,,,,,,,,,,,,,,,
3ce155af-f2ff-462d-955e-0079b00ddc7b,2026-07-05T15:11:40.959Z,baae3a89-81f6-4b4a-a216-7cbaedcc401c,903e5cf9-8d23-47e5-98e2-26ef0af48edb,94dd4a43-f2b5-4808-9dec-9528ca43ff79,,6fc33211-70e4-40ca-9467-dd8285dfd55e,basiser@163.com,audit.configuration,,3ce155af-f2ff-462d-955e-0079b00ddc7b,basiser@163.com,2026-07-05T15:11:40.959253025Z,e527f65b-4944-47d7-96a4-0fbd2e9a60c1,True,objectId,,TransportManagementService,,,,,,,,,,,,,,,,,END,audit.configuration,baae3a89-81f6-4b4a-a216-7cbaedcc401c,,,,,,,,,,,,,,,,,,,,,,,,,,,,,,,,,,,,,,,,,,,,,,,,,,,,,,,,,,,,,,,,,,,,,,,,,,,,,,,,,,,,,,,,,,,,,,,,,,,,,,,,,,,,,,,,,,,,,,,,,,,,,,,,,,,,,,,,,,,,,,,,,,,,,,,,,,,,,,,,,,,,,,,,,,,,,,,,,,,,,,,,,,,,,,,,,,,,,,,,,,,,,,,,,,,,,,,,,,,,,,,,,,,,,,,,,,,,,,,,,,,,,,,,,,,,,,,,,,,,,,,,,,,,,,,,,,,,,,,,,,,,,,,,,,,,,,,,,,,,,,,,,,,,,,,,,,,,,,About to perform: UPDATE from com.sap.cloud.cf.destinations.audit.AuditLogOperationHelper,About to perform,Update,com.sap.cloud.cf.destinations.audit.AuditLogOperationHelper,HTTP,COCKPIT,baae3a89-81f6-4b4a-a216-7cbaedcc401c,,a65a3f1e4d649e6b5f908540d5816978490a19034fd179e7d795bca6017a4e5d,,OAuth2ClientCredentials,Internet,https://transport-service-app-backend.ts.cfapps.us10.hana.ondemand.com,TransportManagementService,,,,,,,,,,,,,,,,,,,,,,,,,,,,,,,,,,,,ab53d138b210cf04b020bd1384711c47b950a32cb434476244f23c9689229f88,e0b92a32fffd6ad202c29036cb8471075c6c62950eca430f416a03f4b36193b7,3200da99ed180ecf1b295ce1fd849bec67569f597313bb60726aea53ffa63ea3,94b01635807a9295583512df181960302abdbed310b2b8dad64538de497ef3df,3200da99ed180ecf1b295ce1fd849bec67569f597313bb60726aea53ffa63ea3,36c2019300671058d2e956c134457141d6dae5cecbd24759cc3e22bf094de3cf,3200da99ed180ecf1b295ce1fd849bec67569f597313bb60726aea53ffa63ea3,3200da99ed180ecf1b295ce1fd849bec67569f597313bb60726aea53ffa63ea3,,,,,,,,,,,,,,,,,,,,ab53d138b210cf04b020bd1384711c47b950a32cb434476244f23c9689229f88,1783256551289,,e5d159130254330ef6cbf2217f88f1aa710eaf4c86a9d5621c9dc7eff0151886,COCKPIT,CMK_V2,1783264300911,baae3a89-81f6-4b4a-a216-7cbaedcc401c,,a65a3f1e4d649e6b5f908540d5816978490a19034fd179e7d795bca6017a4e5d,e0b92a32fffd6ad202c29036cb8471075c6c62950eca430f416a03f4b36193b7,3200da99ed180ecf1b295ce1fd849bec67569f597313bb60726aea53ffa63ea3,False,94b01635807a9295583512df181960302abdbed310b2b8dad64538de497ef3df,3200da99ed180ecf1b295ce1fd849bec67569f597313bb60726aea53ffa63ea3,https://transport-service-app-backend.ts.cfapps.us10.hana.ondemand.com,TransportManagementService,HTTP,OAuth2ClientCredentials,36c2019300671058d2e956c134457141d6dae5cecbd24759cc3e22bf094de3cf,3200da99ed180ecf1b295ce1fd849bec67569f597313bb60726aea53ffa63ea3,Internet,3200da99ed180ecf1b295ce1fd849bec67569f597313bb60726aea53ffa63ea3,1783256551289,,e5d159130254330ef6cbf2217f88f1aa710eaf4c86a9d5621c9dc7eff0151886,CMK_V2,1783264300911,False,,,,,,,,,,,,,,,,,,
a7992a5c-15b2-4e57-9294-5a43269298df,2026-07-05T15:11:40.959Z,baae3a89-81f6-4b4a-a216-7cbaedcc401c,903e5cf9-8d23-47e5-98e2-26ef0af48edb,94dd4a43-f2b5-4808-9dec-9528ca43ff79,,6fc33211-70e4-40ca-9467-dd8285dfd55e,basiser@163.com,audit.configuration,,a7992a5c-15b2-4e57-9294-5a43269298df,basiser@163.com,2026-07-05T15:11:40.959253025Z,1ff7ced8-f889-457d-8bbd-49b7f366da0a,,objectId,,TransportManagementService,,,,,,,,,,,,,,,,,BEGIN,audit.configuration,baae3a89-81f6-4b4a-a216-7cbaedcc401c,,,,,,,,,,,,,,,,,,,,,,,,,,,,,,,,,,,,,,,,,,,,,,,,,,,,,,,,,,,,,,,,,,,,,,,,,,,,,,,,,,,,,,,,,,,,,,,,,,,,,,,,,,,,,,,,,,,,,,,,,,,,,,,,,,,,,,,,,,,,,,,,,,,,,,,,,,,,,,,,,,,,,,,,,,,,,,,,,,,,,,,,,,,,,,,,,,,,,,,,,,,,,,,,,,,,,,,,,,,,,,,,,,,,,,,,,,,,,,,,,,,,,,,,,,,,,,,,,,,,,,,,,,,,,,,,,,,,,,,,,,,,,,,,,,,,,,,,,,,,,,,,,,,,,,,,,,,,,,About to perform: UPDATE from com.sap.cloud.cf.destinations.audit.AuditLogOperationHelper,About to perform,Update,com.sap.cloud.cf.destinations.audit.AuditLogOperationHelper,HTTP,COCKPIT,baae3a89-81f6-4b4a-a216-7cbaedcc401c,,a65a3f1e4d649e6b5f908540d5816978490a19034fd179e7d795bca6017a4e5d,,OAuth2ClientCredentials,Internet,https://transport-service-app-backend.ts.cfapps.us10.hana.ondemand.com,TransportManagementService,,,,,,,,,,,,,,,,,,,,,,,,,,,,,,,,,,,,ab53d138b210cf04b020bd1384711c47b950a32cb434476244f23c9689229f88,e0b92a32fffd6ad202c29036cb8471075c6c62950eca430f416a03f4b36193b7,3200da99ed180ecf1b295ce1fd849bec67569f597313bb60726aea53ffa63ea3,94b01635807a9295583512df181960302abdbed310b2b8dad64538de497ef3df,3200da99ed180ecf1b295ce1fd849bec67569f597313bb60726aea53ffa63ea3,36c2019300671058d2e956c134457141d6dae5cecbd24759cc3e22bf094de3cf,3200da99ed180ecf1b295ce1fd849bec67569f597313bb60726aea53ffa63ea3,3200da99ed180ecf1b295ce1fd849bec67569f597313bb60726aea53ffa63ea3,,,,,,,,,,,,,,,,,,,,ab53d138b210cf04b020bd1384711c47b950a32cb434476244f23c9689229f88,1783256551289,,e5d159130254330ef6cbf2217f88f1aa710eaf4c86a9d5621c9dc7eff0151886,COCKPIT,CMK_V2,1783264300911,baae3a89-81f6-4b4a-a216-7cbaedcc401c,,a65a3f1e4d649e6b5f908540d5816978490a19034fd179e7d795bca6017a4e5d,e0b92a32fffd6ad202c29036cb8471075c6c62950eca430f416a03f4b36193b7,3200da99ed180ecf1b295ce1fd849bec67569f597313bb60726aea53ffa63ea3,False,94b01635807a9295583512df181960302abdbed310b2b8dad64538de497ef3df,3200da99ed180ecf1b295ce1fd849bec67569f597313bb60726aea53ffa63ea3,https://transport-service-app-backend.ts.cfapps.us10.hana.ondemand.com,TransportManagementService,HTTP,OAuth2ClientCredentials,36c2019300671058d2e956c134457141d6dae5cecbd24759cc3e22bf094de3cf,3200da99ed180ecf1b295ce1fd849bec67569f597313bb60726aea53ffa63ea3,Internet,3200da99ed180ecf1b295ce1fd849bec67569f597313bb60726aea53ffa63ea3,1783256551289,,e5d159130254330ef6cbf2217f88f1aa710eaf4c86a9d5621c9dc7eff0151886,CMK_V2,1783264300911,False,,,,,,,,,,,,,,,,,,
2067aa4f-e698-4ed4-b15b-7b17fb8d9f57,2026-07-05T15:13:57.948Z,baae3a89-81f6-4b4a-a216-7cbaedcc401c,903e5cf9-8d23-47e5-98e2-26ef0af48edb,94dd4a43-f2b5-4808-9dec-9528ca43ff79,,6fc33211-70e4-40ca-9467-dd8285dfd55e,basiser@163.com,audit.configuration,,2067aa4f-e698-4ed4-b15b-7b17fb8d9f57,basiser@163.com,2026-07-05T15:13:57.948887455Z,5ca402a6-9f62-4ae2-a76d-df450f5031a2,,objectId,,changedConfigurationPropertyKeys,,,,,,,,,,,,,,,,,BEGIN,audit.configuration,baae3a89-81f6-4b4a-a216-7cbaedcc401c,,,,,,,,,,,,,,,,,,,,,,,,,,,,,,,,,,,,,,,,,,,,,,,,,,,,,,,,,,,,,,,"etag, tokenServiceURL, clientSecret",ContentAssemblyService,,,,,,,,,,,,,,,,,,,,,,,,,,,,,,,,,,,,,,,,,,,,,,,,,,,,,,,,,,,,,,,,,,,,,,,,,,,,,,,,,,,,,,,,,,,,,,,,,,,,,,,,,,,,,,,,,,,,,,,,,,,,,,,,,,,,,,,,,,,,,,,,,,,,,,,,,,,,,,,,,,,,,,,,,,,,,,,,,,,,,,,,,,,,,,,,,,,,,,,,,,,,,,,,,,,,,,,,,,,,,,,,,,,,,,,,,,,,,,,,,,,,,,,,,,,,,,About to perform: UPDATE from com.sap.cloud.cf.destinations.audit.AuditLogOperationHelper,About to perform,Update,com.sap.cloud.cf.destinations.audit.AuditLogOperationHelper,,,,,,,,,,,,HTTP,1783258465230,,b72a5839417b696bc4985a3794a28fc10432547e41b8be17b61d974a504fc83f,COCKPIT,CMK_V2,1783258465230,baae3a89-81f6-4b4a-a216-7cbaedcc401c,,a65a3f1e4d649e6b5f908540d5816978490a19034fd179e7d795bca6017a4e5d,,OAuth2ClientCredentials,False,Internet,https://content-agent-assembly.cfapps.us10.hana.ondemand.com,ContentAssemblyService,,HTTP,1783258465230,,b6629aa14be7e4e57fa3f33fb431983b419e9359846451171cccb5def35860f6,COCKPIT,CMK_V2,1783258465230,baae3a89-81f6-4b4a-a216-7cbaedcc401c,,a65a3f1e4d649e6b5f908540d5816978490a19034fd179e7d795bca6017a4e5d,,OAuth2ClientCredentials,False,Internet,https://content-agent-assembly.cfapps.us10.hana.ondemand.com,ContentAssemblyService,,,,,,,,,,,ab53d138b210cf04b020bd1384711c47b950a32cb434476244f23c9689229f88,IMPORT,a8d18d427fcb4e6f296bb0f2c5cffb7b8a71dd61841786a2fbf60233f7a5d207,2ccc7cbc12d5a82360822a3539a3f6b5ea66724e13716755bd75345997bd2526,d6a443c2bbcf027420932e00b830403329c914a3197733ad3734a8bf260a2fc3,ab53d138b210cf04b020bd1384711c47b950a32cb434476244f23c9689229f88,IMPORT,a8d18d427fcb4e6f296bb0f2c5cffb7b8a71dd61841786a2fbf60233f7a5d207,94b01635807a9295583512df181960302abdbed310b2b8dad64538de497ef3df,543d8922526a67cd1511bc3f63551fcaf9cb03223f558cb53f0a6cbeebe29043,,,,,,,,,,,,,,,,,,,,,,,,,,,,,,,,,,,,,,,,,,,,,,,,,,,,,,,
a8722a40-09b4-4594-bee1-efde89be988e,2026-07-05T15:13:57.948Z,baae3a89-81f6-4b4a-a216-7cbaedcc401c,903e5cf9-8d23-47e5-98e2-26ef0af48edb,94dd4a43-f2b5-4808-9dec-9528ca43ff79,,6fc33211-70e4-40ca-9467-dd8285dfd55e,basiser@163.com,audit.configuration,,a8722a40-09b4-4594-bee1-efde89be988e,basiser@163.com,2026-07-05T15:13:57.948887455Z,0f0227d1-9003-4ed5-8350-6e05adfd64ae,True,objectId,,changedConfigurationPropertyKeys,,,,,,,,,,,,,,,,,END,audit.configuration,baae3a89-81f6-4b4a-a216-7cbaedcc401c,,,,,,,,,,,,,,,,,,,,,,,,,,,,,,,,,,,,,,,,,,,,,,,,,,,,,,,,,,,,,,,"etag, tokenServiceURL, clientSecret",ContentAssemblyService,,,,,,,,,,,,,,,,,,,,,,,,,,,,,,,,,,,,,,,,,,,,,,,,,,,,,,,,,,,,,,,,,,,,,,,,,,,,,,,,,,,,,,,,,,,,,,,,,,,,,,,,,,,,,,,,,,,,,,,,,,,,,,,,,,,,,,,,,,,,,,,,,,,,,,,,,,,,,,,,,,,,,,,,,,,,,,,,,,,,,,,,,,,,,,,,,,,,,,,,,,,,,,,,,,,,,,,,,,,,,,,,,,,,,,,,,,,,,,,,,,,,,,,,,,,,,,About to perform: UPDATE from com.sap.cloud.cf.destinations.audit.AuditLogOperationHelper,About to perform,Update,com.sap.cloud.cf.destinations.audit.AuditLogOperationHelper,,,,,,,,,,,,HTTP,1783258465230,,b72a5839417b696bc4985a3794a28fc10432547e41b8be17b61d974a504fc83f,COCKPIT,CMK_V2,1783258465230,baae3a89-81f6-4b4a-a216-7cbaedcc401c,,a65a3f1e4d649e6b5f908540d5816978490a19034fd179e7d795bca6017a4e5d,,OAuth2ClientCredentials,False,Internet,https://content-agent-assembly.cfapps.us10.hana.ondemand.com,ContentAssemblyService,,HTTP,1783258465230,,b6629aa14be7e4e57fa3f33fb431983b419e9359846451171cccb5def35860f6,COCKPIT,CMK_V2,1783258465230,baae3a89-81f6-4b4a-a216-7cbaedcc401c,,a65a3f1e4d649e6b5f908540d5816978490a19034fd179e7d795bca6017a4e5d,,OAuth2ClientCredentials,False,Internet,https://content-agent-assembly.cfapps.us10.hana.ondemand.com,ContentAssemblyService,,,,,,,,,,,ab53d138b210cf04b020bd1384711c47b950a32cb434476244f23c9689229f88,IMPORT,a8d18d427fcb4e6f296bb0f2c5cffb7b8a71dd61841786a2fbf60233f7a5d207,2ccc7cbc12d5a82360822a3539a3f6b5ea66724e13716755bd75345997bd2526,d6a443c2bbcf027420932e00b830403329c914a3197733ad3734a8bf260a2fc3,ab53d138b210cf04b020bd1384711c47b950a32cb434476244f23c9689229f88,IMPORT,a8d18d427fcb4e6f296bb0f2c5cffb7b8a71dd61841786a2fbf60233f7a5d207,94b01635807a9295583512df181960302abdbed310b2b8dad64538de497ef3df,543d8922526a67cd1511bc3f63551fcaf9cb03223f558cb53f0a6cbeebe29043,,,,,,,,,,,,,,,,,,,,,,,,,,,,,,,,,,,,,,,,,,,,,,,,,,,,,,,
f3f05ffd-d0e5-4e6e-4f33-f71517a26a92,2026-07-06T03:50:42.511Z,baae3a89-81f6-4b4a-a216-7cbaedcc401c,febc431d-b02b-4d2e-a98f-bf3e0fa57e57,c1d66928-d734-43a5-a841-58267b865215,,a2c6a057-29b6-4537-801e-d11dd38e6abc,sb-a2c6a057-29b6-4537-801e-d11dd38e6abc!b26655|auditlog!b662,audit.configuration,,f3f05ffd-d0e5-4e6e-4f33-f71517a26a92,sb-a2c6a057-29b6-4537-801e-d11dd38e6abc!b26655|auditlog!b662,2026-07-06T03:50:42.511101158Z,02bb17b7-90ef-4130-84fd-f72dda937fdb,,Deployment,,id,,,,,,,,,,,,,,,,,,audit.configuration,baae3a89-81f6-4b4a-a216-7cbaedcc401c,,,,,,,,,,,,,,,,,,,,,,,,,,,,,,,,,,,,,,,,,,,,,,,,,,,,,,,,,,,,,,,bc659ffa-cb1c-4d10-8260-19a81d596f56,symbolicName,Check_Configuration_for_Integration_of_SAP_S4HANA_Cloud_with_SAP_Field_Service_Management,version,1.2.2,deployedBy,basiser@163.com,,,,,,,,,,,,,,,,,,,,,,,,,,,,,,,created,,Mon Jul 06 03:50:42 UTC 2026,tenantName,,,runtimeLocationId,,,,,,,,,,,,,,,,,,,,,,,,,,,,,,,,,,,,,,,,,,,,,,,,,,,,,,,,,,,,,,,,,,,,,,,,,,,,,,,,,,,,,,,,,,,,,,,,,,,,,,,,,,,,,,,,,,,,,,,,,,,,,,,,,,,,,,,,,,,,,,,,,,,,,,,,,,,,,,,,,,,,,,,,,,,,,,,,,,,,,,,,,,,,,,,,,,,,,,,,,,,,,,,,,,BUNDLE,Deployment,,,,,,,,,,,,,,,,,,,,,,,,,,,,,,,,,,,,,,,,,,,,,,,,,,,,,,,,,,,,,,,,,,,,,,,,,,,,,,,,,,,,,,,,,,,,,,,,,,,,,,,,,,,8b14fc54trial,8b14fc54trial,,cloudintegration,,,,,,,,,,,,,
f3f05ffd-d0e5-4e6e-4f33-f71517a26a92,2026-07-06T03:50:43.727Z,baae3a89-81f6-4b4a-a216-7cbaedcc401c,febc431d-b02b-4d2e-a98f-bf3e0fa57e57,c1d66928-d734-43a5-a841-58267b865215,,a2c6a057-29b6-4537-801e-d11dd38e6abc,sb-a2c6a057-29b6-4537-801e-d11dd38e6abc!b26655|auditlog!b662,audit.configuration,,f3f05ffd-d0e5-4e6e-4f33-f71517a26a92,sb-a2c6a057-29b6-4537-801e-d11dd38e6abc!b26655|auditlog!b662,2026-07-06T03:50:43.727363508Z,5c1985b1-7a11-4675-a165-918925509d38,,Workerset Creation,,workersetId,,,,,,,,,,,,,,,,,,audit.configuration,baae3a89-81f6-4b4a-a216-7cbaedcc401c,,,,,,,,,,,,,,,,,,,,,,,,,,,,,,,,,,,,,,,,,,,,,,,,,,,,,,,,,,,,,,,itw-8b14fc54trial-0,tenantName,8b14fc54trial,tshirtSize,L,isJitCase,true,,,,,,,,,,,,,,,,,,,,,,,,,,,,,8b14fc54trial,,,,,,,,,,,,,,,,,,,,,,,,,,,,,,,,,,,,,,,,,,,,,,,,,,,,,,,,,,,,,,,,,,,,,,,,,,,,,,,,,,,,,,,,,,,,,,,,,,,,,,,,,,,,,,,,,,,,,,,,,,,,,,,,,,,,,,,,,,,,,,,,,,,,,,,,,,,,,,,,,,,,,,,,,,,,,,,,,,,,,,,,,,,,,,,,,,,,,,,,,,,,,,,,,,,,,,,,,,WORKER,Request received for worker set creation,,,,,,,,,,,,,,,,,,,,,,,,,,,,,,,,,,,,,,,,,,,,,,,,,,,,,,,,,,,,,,,,,,,,,,,,,,,,,,,,,,,,,,,,,,,,,,,,,,,,,,,,,,,,,,,,,,,,,,,,,,,
d659dcdc-08df-4d18-9e4d-4fdfec7cf8fe,2026-07-06T12:02:09.209Z,baae3a89-81f6-4b4a-a216-7cbaedcc401c,903e5cf9-8d23-47e5-98e2-26ef0af48edb,94dd4a43-f2b5-4808-9dec-9528ca43ff79,,6fc33211-70e4-40ca-9467-dd8285dfd55e,sb-clone3554e7e174ec43e29f806a3985343920!b476660|destination-xsappname!b62,audit.configuration,,d659dcdc-08df-4d18-9e4d-4fdfec7cf8fe,sb-clone3554e7e174ec43e29f806a3985343920!b476660|destination-xsappname!b62,2026-07-06T12:02:09.209544134Z,5787e7b9-419c-4a9d-a80b-80d982529b89,,objectId,,T003388R11-remote-mytest.pem,,,,,,,,,,,,,,,,,BEGIN,audit.configuration,baae3a89-81f6-4b4a-a216-7cbaedcc401c,,,,,,,,,,,,,,,,,,,,,,,,,,,,,,,,,,,,,,,,,,,,,,,,,,,,,,,,,,,,,,,,,,,,,,,,,,,,,,,,,,,,,,,,,,,,,,,,,,,,,,,,,,,,,,,,,,,,,,,,,,,,,,,,,,,,,,,,,,,,,,,,,,,,,,,,,,,,,,,,,,,,,,,,,,,,,,,,,,,,,,,,,,,,,,,,,,,,,,,,,,,,,,,,,,,,,,,,,,,,,,,,,,,,,,,,,,,,,,,,,,,,,,,,,,,,,,,,,,,,,,,,,,,,,,,,,,,,,,,,,,,,,,,,,,,,,,,,,,,,,,,,,,,,,,,,,,,,,,About to perform: CREATE from com.sap.cloud.cf.destinations.audit.AuditLogOperationHelper,About to perform,Create,com.sap.cloud.cf.destinations.audit.AuditLogOperationHelper,,,baae3a89-81f6-4b4a-a216-7cbaedcc401c,,,,,,,T003388R11-remote-mytest.pem,,,,,,,,,,,,,,,,,,,,,,,,,,,,,,,,,,,,,,,,,,,,,,,,,,,,,,,,,,,,,,,,,,,,,,,,,,,,,,,,,,,,,,,,,,,,,,,,,True,DAYS,10,,,,,,,,,,
8a9c76ec-1a30-498d-b44a-6e8d670ce82f,2026-07-06T12:02:11.139Z,baae3a89-81f6-4b4a-a216-7cbaedcc401c,903e5cf9-8d23-47e5-98e2-26ef0af48edb,94dd4a43-f2b5-4808-9dec-9528ca43ff79,,6fc33211-70e4-40ca-9467-dd8285dfd55e,sb-clone3554e7e174ec43e29f806a3985343920!b476660|destination-xsappname!b62,audit.configuration,,8a9c76ec-1a30-498d-b44a-6e8d670ce82f,sb-clone3554e7e174ec43e29f806a3985343920!b476660|destination-xsappname!b62,2026-07-06T12:02:11.139331674Z,87d4501b-61ca-4b9a-8d83-436efaf9679d,True,objectId,,mytest,,,,,,,,,,,,,,,,,END,audit.configuration,baae3a89-81f6-4b4a-a216-7cbaedcc401c,,,,,,,,,,,,,,,,,,,,,,,,,,,,,,,,,,,,,,,,,,,,,,,,,,,,,,,,,,,,,,,,,,,,,,,,,,,,,,,,,,,,,,,,,,,,,,,,,,,,,,,,,,,,,,,,,,,,,,,,,,,,,,,,,,,,,,,,,,,,,,,,,,,,,,,,,,,,,,,,,,,,,,,,,,,,,,,,,,,,,,,,,,,,,,,,,,,,,,,,,,,,,,,,,,,,,,,,,,,,,,,,,,,,,,,,,,,,,,,,,,,,,,,,,,,,,,,,,,,,,,,,,,,,,,,,,,,,,,,,,,,,,,,,,,,,,,,,,,,,,,,,,,,,,,,,,,,,,,About to perform: CREATE from com.sap.cloud.cf.destinations.audit.AuditLogOperationHelper,About to perform,Create,com.sap.cloud.cf.destinations.audit.AuditLogOperationHelper,HTTP,,baae3a89-81f6-4b4a-a216-7cbaedcc401c,,a6389f3947e279bb3abd0b31fae5c060810fe847d71233f4628a6da21b0ad3b9,,ClientCertificateAuthentication,Internet,https://amer.autopilot.cloud.sap,mytest,,,,,,,,,,,,,,,,,,,,,,,,,,,,,,,,,,,,,,,,,,,,,,,,,,,,,,,,,,,,,,,,,,,,,,,,,,,,,,,,,,,,,,,,,,,,,,,,,,,,True,b2b1939512752ea7af8cb20e4d2d0a088e359f2fa7cd0d675a7f833e0e023826,,,,,,,,
674f61cb-7faa-4fdb-97b0-04f248bfe91b,2026-07-06T12:02:09.209Z,baae3a89-81f6-4b4a-a216-7cbaedcc401c,903e5cf9-8d23-47e5-98e2-26ef0af48edb,94dd4a43-f2b5-4808-9dec-9528ca43ff79,,6fc33211-70e4-40ca-9467-dd8285dfd55e,sb-clone3554e7e174ec43e29f806a3985343920!b476660|destination-xsappname!b62,audit.configuration,,674f61cb-7faa-4fdb-97b0-04f248bfe91b,sb-clone3554e7e174ec43e29f806a3985343920!b476660|destination-xsappname!b62,2026-07-06T12:02:09.209544134Z,4a0744b1-a276-411f-89d6-106cd849b1b8,True,objectId,,T003388R11-remote-mytest.pem,,,,,,,,,,,,,,,,,END,audit.configuration,baae3a89-81f6-4b4a-a216-7cbaedcc401c,,,,,,,,,,,,,,,,,,,,,,,,,,,,,,,,,,,,,,,,,,,,,,,,,,,,,,,,,,,,,,,,,,,,,,,,,,,,,,,,,,,,,,,,,,,,,,,,,,,,,,,,,,,,,,,,,,,,,,,,,,,,,,,,,,,,,,,,,,,,,,,,,,,,,,,,,,,,,,,,,,,,,,,,,,,,,,,,,,,,,,,,,,,,,,,,,,,,,,,,,,,,,,,,,,,,,,,,,,,,,,,,,,,,,,,,,,,,,,,,,,,,,,,,,,,,,,,,,,,,,,,,,,,,,,,,,,,,,,,,,,,,,,,,,,,,,,,,,,,,,,,,,,,,,,,,,,,,,,About to perform: CREATE from com.sap.cloud.cf.destinations.audit.AuditLogOperationHelper,About to perform,Create,com.sap.cloud.cf.destinations.audit.AuditLogOperationHelper,,,baae3a89-81f6-4b4a-a216-7cbaedcc401c,,,,,,,T003388R11-remote-mytest.pem,,,,,,,,,,,,,,,,,,,,,,,,,,,,,,,,,,,,,,,,,,,,,,,,,,,,,,,,,,,,,,,,,,,,,,,,,,,,,,,,,,,,,,,,,,,,,,,,,True,DAYS,10,,,,,,,,,,
15ad8c30-7185-459b-a52c-9b0717a17c84,2026-07-06T12:02:11.139Z,baae3a89-81f6-4b4a-a216-7cbaedcc401c,903e5cf9-8d23-47e5-98e2-26ef0af48edb,94dd4a43-f2b5-4808-9dec-9528ca43ff79,,6fc33211-70e4-40ca-9467-dd8285dfd55e,sb-clone3554e7e174ec43e29f806a3985343920!b476660|destination-xsappname!b62,audit.configuration,,15ad8c30-7185-459b-a52c-9b0717a17c84,sb-clone3554e7e174ec43e29f806a3985343920!b476660|destination-xsappname!b62,2026-07-06T12:02:11.139331674Z,ee41826a-730f-4421-9399-c8786aaf518d,,objectId,,mytest,,,,,,,,,,,,,,,,,BEGIN,audit.configuration,baae3a89-81f6-4b4a-a216-7cbaedcc401c,,,,,,,,,,,,,,,,,,,,,,,,,,,,,,,,,,,,,,,,,,,,,,,,,,,,,,,,,,,,,,,,,,,,,,,,,,,,,,,,,,,,,,,,,,,,,,,,,,,,,,,,,,,,,,,,,,,,,,,,,,,,,,,,,,,,,,,,,,,,,,,,,,,,,,,,,,,,,,,,,,,,,,,,,,,,,,,,,,,,,,,,,,,,,,,,,,,,,,,,,,,,,,,,,,,,,,,,,,,,,,,,,,,,,,,,,,,,,,,,,,,,,,,,,,,,,,,,,,,,,,,,,,,,,,,,,,,,,,,,,,,,,,,,,,,,,,,,,,,,,,,,,,,,,,,,,,,,,,About to perform: CREATE from com.sap.cloud.cf.destinations.audit.AuditLogOperationHelper,About to perform,Create,com.sap.cloud.cf.destinations.audit.AuditLogOperationHelper,HTTP,,baae3a89-81f6-4b4a-a216-7cbaedcc401c,,a6389f3947e279bb3abd0b31fae5c060810fe847d71233f4628a6da21b0ad3b9,,ClientCertificateAuthentication,Internet,https://amer.autopilot.cloud.sap,mytest,,,,,,,,,,,,,,,,,,,,,,,,,,,,,,,,,,,,,,,,,,,,,,,,,,,,,,,,,,,,,,,,,,,,,,,,,,,,,,,,,,,,,,,,,,,,,,,,,,,,True,b2b1939512752ea7af8cb20e4d2d0a088e359f2fa7cd0d675a7f833e0e023826,,,,,,,,
95d91832-5239-4e94-8c41-1c745e6811e0,2026-07-06T12:04:39.158Z,baae3a89-81f6-4b4a-a216-7cbaedcc401c,903e5cf9-8d23-47e5-98e2-26ef0af48edb,94dd4a43-f2b5-4808-9dec-9528ca43ff79,,6fc33211-70e4-40ca-9467-dd8285dfd55e,sb-clone3554e7e174ec43e29f806a3985343920!b476660|destination-xsappname!b62,audit.configuration,,95d91832-5239-4e94-8c41-1c745e6811e0,sb-clone3554e7e174ec43e29f806a3985343920!b476660|destination-xsappname!b62,2026-07-06T12:04:39.158940200Z,d6e4f4b3-81b7-49da-802c-411af7e5483b,,objectId,,T003388R11-remote-mytest.pem,,,,,,,,,,,,,,,,,BEGIN,audit.configuration,baae3a89-81f6-4b4a-a216-7cbaedcc401c,,,,,,,,,,,,,,,,,,,,,,,,,,,,,,,,,,,,,,,,,,,,,,,,,,,,,,,,,,,,,,,,,,,,,,,,,,,,,,,,,,,,,,,,,,,,,,,,,,,,,,,,,,,,,,,,,,,,,,,,,,,,,,,,,,,,,,,,,,,,,,,,,,,,,,,,,,,,,,,,,,,,,,,,,,,,,,,,,,,,,,,,,,,,,,,,,,,,,,,,,,,,,,,,,,,,,,,,,,,,,,,,,,,,,,,,,,,,,,,,,,,,,,,,,,,,,,,,,,,,,,,,,,,,,,,,,,,,,,,,,,,,,,,,,,,,,,,,,,,,,,,,,,,,,,,,,,,,,,About to perform: CREATE from com.sap.cloud.cf.destinations.audit.AuditLogOperationHelper,About to perform,Create,com.sap.cloud.cf.destinations.audit.AuditLogOperationHelper,,,baae3a89-81f6-4b4a-a216-7cbaedcc401c,,,,,,,T003388R11-remote-mytest.pem,,,,,,,,,,,,,,,,,,,,,,,,,,,,,,,,,,,,,,,,,,,,,,,,,,,,,,,,,,,,,,,,,,,,,,,,,,,,,,,,,,,,,,,,,,,,,,,,,True,DAYS,10,,,,,,,,,,
4cd8652b-b3dd-4256-96ca-b979d8b30f20,2026-07-06T12:04:39.158Z,baae3a89-81f6-4b4a-a216-7cbaedcc401c,903e5cf9-8d23-47e5-98e2-26ef0af48edb,94dd4a43-f2b5-4808-9dec-9528ca43ff79,,6fc33211-70e4-40ca-9467-dd8285dfd55e,sb-clone3554e7e174ec43e29f806a3985343920!b476660|destination-xsappname!b62,audit.configuration,,4cd8652b-b3dd-4256-96ca-b979d8b30f20,sb-clone3554e7e174ec43e29f806a3985343920!b476660|destination-xsappname!b62,2026-07-06T12:04:39.158940200Z,af933044-4d45-4940-bd71-f545ff4a1672,False,objectId,,T003388R11-remote-mytest.pem,,,,,,,,,,,,,,,,,END,audit.configuration,baae3a89-81f6-4b4a-a216-7cbaedcc401c,,,,,,,,,,,,,,,,,,,,,,,,,,,,,,,,,,,,,,,,,,,,,,,,,,,,,,,,,,,,,,,,,,,,,,,,,,,,,,,,,,,,,,,,,,,,,,,,,,,,,,,,,,,,,,,,,,,,,,,,,,,,,,,,,,,,,,,,,,,,,,,,,,,,,,,,,,,,,,,,,,,,,,,,,,,,,,,,,,,,,,,,,,,,,,,,,,,,,,,,,,,,,,,,,,,,,,,,,,,,,,,,,,,,,,,,,,,,,,,,,,,,,,,,,,,,,,,,,,,,,,,,,,,,,,,,,,,,,,,,,,,,,,,,,,,,,,,,,,,,,,,,,,,,,,,,,,,,,,About to perform: CREATE from com.sap.cloud.cf.destinations.audit.AuditLogOperationHelper,About to perform,Create,com.sap.cloud.cf.destinations.audit.AuditLogOperationHelper,,,baae3a89-81f6-4b4a-a216-7cbaedcc401c,,,,,,,T003388R11-remote-mytest.pem,,,,,,,,,,,,,,,,,,,,,,,,,,,,,,,,,,,,,,,,,,,,,,,,,,,,,,,,,,,,,,,,,,,,,,,,,,,,,,,,,,,,,,,,,,,,,,,,,True,DAYS,10,,,,,,,,,,
4e2a8726-be98-468c-8b32-d065261c9fec,2026-07-06T12:05:27.218Z,baae3a89-81f6-4b4a-a216-7cbaedcc401c,903e5cf9-8d23-47e5-98e2-26ef0af48edb,94dd4a43-f2b5-4808-9dec-9528ca43ff79,,6fc33211-70e4-40ca-9467-dd8285dfd55e,sb-clone3554e7e174ec43e29f806a3985343920!b476660|destination-xsappname!b62,audit.configuration,,4e2a8726-be98-468c-8b32-d065261c9fec,sb-clone3554e7e174ec43e29f806a3985343920!b476660|destination-xsappname!b62,2026-07-06T12:05:27.218663724Z,77a34cce-36ef-4ba7-bcbd-74efd42f9ee1,,objectId,,T003388R11-remote1-mytest.pem,,,,,,,,,,,,,,,,,BEGIN,audit.configuration,baae3a89-81f6-4b4a-a216-7cbaedcc401c,,,,,,,,,,,,,,,,,,,,,,,,,,,,,,,,,,,,,,,,,,,,,,,,,,,,,,,,,,,,,,,,,,,,,,,,,,,,,,,,,,,,,,,,,,,,,,,,,,,,,,,,,,,,,,,,,,,,,,,,,,,,,,,,,,,,,,,,,,,,,,,,,,,,,,,,,,,,,,,,,,,,,,,,,,,,,,,,,,,,,,,,,,,,,,,,,,,,,,,,,,,,,,,,,,,,,,,,,,,,,,,,,,,,,,,,,,,,,,,,,,,,,,,,,,,,,,,,,,,,,,,,,,,,,,,,,,,,,,,,,,,,,,,,,,,,,,,,,,,,,,,,,,,,,,,,,,,,,,About to perform: CREATE from com.sap.cloud.cf.destinations.audit.AuditLogOperationHelper,About to perform,Create,com.sap.cloud.cf.destinations.audit.AuditLogOperationHelper,,,baae3a89-81f6-4b4a-a216-7cbaedcc401c,,,,,,,T003388R11-remote1-mytest.pem,,,,,,,,,,,,,,,,,,,,,,,,,,,,,,,,,,,,,,,,,,,,,,,,,,,,,,,,,,,,,,,,,,,,,,,,,,,,,,,,,,,,,,,,,,,,,,,,,True,DAYS,10,,,,,,,,,,
2f670763-bce5-486e-a6e0-15fbf5a2abe1,2026-07-06T12:05:29.580Z,baae3a89-81f6-4b4a-a216-7cbaedcc401c,903e5cf9-8d23-47e5-98e2-26ef0af48edb,94dd4a43-f2b5-4808-9dec-9528ca43ff79,,6fc33211-70e4-40ca-9467-dd8285dfd55e,sb-clone3554e7e174ec43e29f806a3985343920!b476660|destination-xsappname!b62,audit.configuration,,2f670763-bce5-486e-a6e0-15fbf5a2abe1,sb-clone3554e7e174ec43e29f806a3985343920!b476660|destination-xsappname!b62,2026-07-06T12:05:29.580032647Z,38ccaa17-9a3e-4e30-913d-f4d2018b43d5,False,objectId,,mytest,,,,,,,,,,,,,,,,,END,audit.configuration,baae3a89-81f6-4b4a-a216-7cbaedcc401c,,,,,,,,,,,,,,,,,,,,,,,,,,,,,,,,,,,,,,,,,,,,,,,,,,,,,,,,,,,,,,,,,,,,,,,,,,,,,,,,,,,,,,,,,,,,,,,,,,,,,,,,,,,,,,,,,,,,,,,,,,,,,,,,,,,,,,,,,,,,,,,,,,,,,,,,,,,,,,,,,,,,,,,,,,,,,,,,,,,,,,,,,,,,,,,,,,,,,,,,,,,,,,,,,,,,,,,,,,,,,,,,,,,,,,,,,,,,,,,,,,,,,,,,,,,,,,,,,,,,,,,,,,,,,,,,,,,,,,,,,,,,,,,,,,,,,,,,,,,,,,,,,,,,,,,,,,,,,,About to perform: CREATE from com.sap.cloud.cf.destinations.audit.AuditLogOperationHelper,About to perform,Create,com.sap.cloud.cf.destinations.audit.AuditLogOperationHelper,HTTP,,baae3a89-81f6-4b4a-a216-7cbaedcc401c,,a6389f3947e279bb3abd0b31fae5c060810fe847d71233f4628a6da21b0ad3b9,,ClientCertificateAuthentication,Internet,https://amer.autopilot.cloud.sap,mytest,,,,,,,,,,,,,,,,,,,,,,,,,,,,,,,,,,,,,,,,,,,,,,,,,,,,,,,,,,,,,,,,,,,,,,,,,,,,,,,,,,,,,,,,,,,,,,,,,,,,True,33e419ea43a88cb6bc088e58b8f9cd7b33ca4732001072fba6d2891579c0c01e,,,,,,,,
12aa5abe-b790-4eb6-9817-c0c24b091f64,2026-07-06T12:05:27.218Z,baae3a89-81f6-4b4a-a216-7cbaedcc401c,903e5cf9-8d23-47e5-98e2-26ef0af48edb,94dd4a43-f2b5-4808-9dec-9528ca43ff79,,6fc33211-70e4-40ca-9467-dd8285dfd55e,sb-clone3554e7e174ec43e29f806a3985343920!b476660|destination-xsappname!b62,audit.configuration,,12aa5abe-b790-4eb6-9817-c0c24b091f64,sb-clone3554e7e174ec43e29f806a3985343920!b476660|destination-xsappname!b62,2026-07-06T12:05:27.218663724Z,a4f525d0-887f-48fe-9281-4a2f54de6edc,True,objectId,,T003388R11-remote1-mytest.pem,,,,,,,,,,,,,,,,,END,audit.configuration,baae3a89-81f6-4b4a-a216-7cbaedcc401c,,,,,,,,,,,,,,,,,,,,,,,,,,,,,,,,,,,,,,,,,,,,,,,,,,,,,,,,,,,,,,,,,,,,,,,,,,,,,,,,,,,,,,,,,,,,,,,,,,,,,,,,,,,,,,,,,,,,,,,,,,,,,,,,,,,,,,,,,,,,,,,,,,,,,,,,,,,,,,,,,,,,,,,,,,,,,,,,,,,,,,,,,,,,,,,,,,,,,,,,,,,,,,,,,,,,,,,,,,,,,,,,,,,,,,,,,,,,,,,,,,,,,,,,,,,,,,,,,,,,,,,,,,,,,,,,,,,,,,,,,,,,,,,,,,,,,,,,,,,,,,,,,,,,,,,,,,,,,,About to perform: CREATE from com.sap.cloud.cf.destinations.audit.AuditLogOperationHelper,About to perform,Create,com.sap.cloud.cf.destinations.audit.AuditLogOperationHelper,,,baae3a89-81f6-4b4a-a216-7cbaedcc401c,,,,,,,T003388R11-remote1-mytest.pem,,,,,,,,,,,,,,,,,,,,,,,,,,,,,,,,,,,,,,,,,,,,,,,,,,,,,,,,,,,,,,,,,,,,,,,,,,,,,,,,,,,,,,,,,,,,,,,,,True,DAYS,10,,,,,,,,,,
b5dc22f5-c9e4-4d78-ba13-81b132c08fc9,2026-07-06T12:05:29.580Z,baae3a89-81f6-4b4a-a216-7cbaedcc401c,903e5cf9-8d23-47e5-98e2-26ef0af48edb,94dd4a43-f2b5-4808-9dec-9528ca43ff79,,6fc33211-70e4-40ca-9467-dd8285dfd55e,sb-clone3554e7e174ec43e29f806a3985343920!b476660|destination-xsappname!b62,audit.configuration,,b5dc22f5-c9e4-4d78-ba13-81b132c08fc9,sb-clone3554e7e174ec43e29f806a3985343920!b476660|destination-xsappname!b62,2026-07-06T12:05:29.580032647Z,5dbbe247-0cd3-4fe6-bef4-50aef9b5dc20,,objectId,,mytest,,,,,,,,,,,,,,,,,BEGIN,audit.configuration,baae3a89-81f6-4b4a-a216-7cbaedcc401c,,,,,,,,,,,,,,,,,,,,,,,,,,,,,,,,,,,,,,,,,,,,,,,,,,,,,,,,,,,,,,,,,,,,,,,,,,,,,,,,,,,,,,,,,,,,,,,,,,,,,,,,,,,,,,,,,,,,,,,,,,,,,,,,,,,,,,,,,,,,,,,,,,,,,,,,,,,,,,,,,,,,,,,,,,,,,,,,,,,,,,,,,,,,,,,,,,,,,,,,,,,,,,,,,,,,,,,,,,,,,,,,,,,,,,,,,,,,,,,,,,,,,,,,,,,,,,,,,,,,,,,,,,,,,,,,,,,,,,,,,,,,,,,,,,,,,,,,,,,,,,,,,,,,,,,,,,,,,,About to perform: CREATE from com.sap.cloud.cf.destinations.audit.AuditLogOperationHelper,About to perform,Create,com.sap.cloud.cf.destinations.audit.AuditLogOperationHelper,HTTP,,baae3a89-81f6-4b4a-a216-7cbaedcc401c,,a6389f3947e279bb3abd0b31fae5c060810fe847d71233f4628a6da21b0ad3b9,,ClientCertificateAuthentication,Internet,https://amer.autopilot.cloud.sap,mytest,,,,,,,,,,,,,,,,,,,,,,,,,,,,,,,,,,,,,,,,,,,,,,,,,,,,,,,,,,,,,,,,,,,,,,,,,,,,,,,,,,,,,,,,,,,,,,,,,,,,True,33e419ea43a88cb6bc088e58b8f9cd7b33ca4732001072fba6d2891579c0c01e,,,,,,,,
f5b34ec6-c338-45fe-802b-b59f06edc377,2026-07-06T12:05:48.197Z,baae3a89-81f6-4b4a-a216-7cbaedcc401c,903e5cf9-8d23-47e5-98e2-26ef0af48edb,94dd4a43-f2b5-4808-9dec-9528ca43ff79,,6fc33211-70e4-40ca-9467-dd8285dfd55e,sb-clone3554e7e174ec43e29f806a3985343920!b476660|destination-xsappname!b62,audit.configuration,,f5b34ec6-c338-45fe-802b-b59f06edc377,sb-clone3554e7e174ec43e29f806a3985343920!b476660|destination-xsappname!b62,2026-07-06T12:05:48.197616357Z,73998ef6-0155-4ab3-be44-3d66557332be,,objectId,,T003388R11-remote1-mytest1.pem,,,,,,,,,,,,,,,,,BEGIN,audit.configuration,baae3a89-81f6-4b4a-a216-7cbaedcc401c,,,,,,,,,,,,,,,,,,,,,,,,,,,,,,,,,,,,,,,,,,,,,,,,,,,,,,,,,,,,,,,,,,,,,,,,,,,,,,,,,,,,,,,,,,,,,,,,,,,,,,,,,,,,,,,,,,,,,,,,,,,,,,,,,,,,,,,,,,,,,,,,,,,,,,,,,,,,,,,,,,,,,,,,,,,,,,,,,,,,,,,,,,,,,,,,,,,,,,,,,,,,,,,,,,,,,,,,,,,,,,,,,,,,,,,,,,,,,,,,,,,,,,,,,,,,,,,,,,,,,,,,,,,,,,,,,,,,,,,,,,,,,,,,,,,,,,,,,,,,,,,,,,,,,,,,,,,,,,About to perform: CREATE from com.sap.cloud.cf.destinations.audit.AuditLogOperationHelper,About to perform,Create,com.sap.cloud.cf.destinations.audit.AuditLogOperationHelper,,,baae3a89-81f6-4b4a-a216-7cbaedcc401c,,,,,,,T003388R11-remote1-mytest1.pem,,,,,,,,,,,,,,,,,,,,,,,,,,,,,,,,,,,,,,,,,,,,,,,,,,,,,,,,,,,,,,,,,,,,,,,,,,,,,,,,,,,,,,,,,,,,,,,,,True,DAYS,10,,,,,,,,,,
b1325131-96ab-4c30-bac4-c1d911e0ca03,2026-07-06T12:05:50.065Z,baae3a89-81f6-4b4a-a216-7cbaedcc401c,903e5cf9-8d23-47e5-98e2-26ef0af48edb,94dd4a43-f2b5-4808-9dec-9528ca43ff79,,6fc33211-70e4-40ca-9467-dd8285dfd55e,sb-clone3554e7e174ec43e29f806a3985343920!b476660|destination-xsappname!b62,audit.configuration,,b1325131-96ab-4c30-bac4-c1d911e0ca03,sb-clone3554e7e174ec43e29f806a3985343920!b476660|destination-xsappname!b62,2026-07-06T12:05:50.065873460Z,3680fd3b-9c69-45db-b511-a20885681f90,,objectId,,mytest1,,,,,,,,,,,,,,,,,BEGIN,audit.configuration,baae3a89-81f6-4b4a-a216-7cbaedcc401c,,,,,,,,,,,,,,,,,,,,,,,,,,,,,,,,,,,,,,,,,,,,,,,,,,,,,,,,,,,,,,,,,,,,,,,,,,,,,,,,,,,,,,,,,,,,,,,,,,,,,,,,,,,,,,,,,,,,,,,,,,,,,,,,,,,,,,,,,,,,,,,,,,,,,,,,,,,,,,,,,,,,,,,,,,,,,,,,,,,,,,,,,,,,,,,,,,,,,,,,,,,,,,,,,,,,,,,,,,,,,,,,,,,,,,,,,,,,,,,,,,,,,,,,,,,,,,,,,,,,,,,,,,,,,,,,,,,,,,,,,,,,,,,,,,,,,,,,,,,,,,,,,,,,,,,,,,,,,,About to perform: CREATE from com.sap.cloud.cf.destinations.audit.AuditLogOperationHelper,About to perform,Create,com.sap.cloud.cf.destinations.audit.AuditLogOperationHelper,HTTP,,baae3a89-81f6-4b4a-a216-7cbaedcc401c,,a6389f3947e279bb3abd0b31fae5c060810fe847d71233f4628a6da21b0ad3b9,,ClientCertificateAuthentication,Internet,https://amer.autopilot.cloud.sap,mytest1,,,,,,,,,,,,,,,,,,,,,,,,,,,,,,,,,,,,,,,,,,,,,,,,,,,,,,,,,,,,,,,,,,,,,,,,,,,,,,,,,,,,,,,,,,,,,,,,,,,,True,b5d34ce68c541292e662823d76fec46d4f65ca5d7bb8b155f7164c262c6cf3d4,,,,,,,,
9b38c974-b1b3-4dcb-9a65-368f3d2835b9,2026-07-06T12:05:50.065Z,baae3a89-81f6-4b4a-a216-7cbaedcc401c,903e5cf9-8d23-47e5-98e2-26ef0af48edb,94dd4a43-f2b5-4808-9dec-9528ca43ff79,,6fc33211-70e4-40ca-9467-dd8285dfd55e,sb-clone3554e7e174ec43e29f806a3985343920!b476660|destination-xsappname!b62,audit.configuration,,9b38c974-b1b3-4dcb-9a65-368f3d2835b9,sb-clone3554e7e174ec43e29f806a3985343920!b476660|destination-xsappname!b62,2026-07-06T12:05:50.065873460Z,5e862ab4-87e3-4d5f-9a6f-e604cd637219,True,objectId,,mytest1,,,,,,,,,,,,,,,,,END,audit.configuration,baae3a89-81f6-4b4a-a216-7cbaedcc401c,,,,,,,,,,,,,,,,,,,,,,,,,,,,,,,,,,,,,,,,,,,,,,,,,,,,,,,,,,,,,,,,,,,,,,,,,,,,,,,,,,,,,,,,,,,,,,,,,,,,,,,,,,,,,,,,,,,,,,,,,,,,,,,,,,,,,,,,,,,,,,,,,,,,,,,,,,,,,,,,,,,,,,,,,,,,,,,,,,,,,,,,,,,,,,,,,,,,,,,,,,,,,,,,,,,,,,,,,,,,,,,,,,,,,,,,,,,,,,,,,,,,,,,,,,,,,,,,,,,,,,,,,,,,,,,,,,,,,,,,,,,,,,,,,,,,,,,,,,,,,,,,,,,,,,,,,,,,,,About to perform: CREATE from com.sap.cloud.cf.destinations.audit.AuditLogOperationHelper,About to perform,Create,com.sap.cloud.cf.destinations.audit.AuditLogOperationHelper,HTTP,,baae3a89-81f6-4b4a-a216-7cbaedcc401c,,a6389f3947e279bb3abd0b31fae5c060810fe847d71233f4628a6da21b0ad3b9,,ClientCertificateAuthentication,Internet,https://amer.autopilot.cloud.sap,mytest1,,,,,,,,,,,,,,,,,,,,,,,,,,,,,,,,,,,,,,,,,,,,,,,,,,,,,,,,,,,,,,,,,,,,,,,,,,,,,,,,,,,,,,,,,,,,,,,,,,,,True,b5d34ce68c541292e662823d76fec46d4f65ca5d7bb8b155f7164c262c6cf3d4,,,,,,,,
72df9ace-81c3-454c-b016-7eeffc657c29,2026-07-06T12:05:48.197Z,baae3a89-81f6-4b4a-a216-7cbaedcc401c,903e5cf9-8d23-47e5-98e2-26ef0af48edb,94dd4a43-f2b5-4808-9dec-9528ca43ff79,,6fc33211-70e4-40ca-9467-dd8285dfd55e,sb-clone3554e7e174ec43e29f806a3985343920!b476660|destination-xsappname!b62,audit.configuration,,72df9ace-81c3-454c-b016-7eeffc657c29,sb-clone3554e7e174ec43e29f806a3985343920!b476660|destination-xsappname!b62,2026-07-06T12:05:48.197616357Z,69ebbf6c-e1b5-4361-b863-b6874adaac88,True,objectId,,T003388R11-remote1-mytest1.pem,,,,,,,,,,,,,,,,,END,audit.configuration,baae3a89-81f6-4b4a-a216-7cbaedcc401c,,,,,,,,,,,,,,,,,,,,,,,,,,,,,,,,,,,,,,,,,,,,,,,,,,,,,,,,,,,,,,,,,,,,,,,,,,,,,,,,,,,,,,,,,,,,,,,,,,,,,,,,,,,,,,,,,,,,,,,,,,,,,,,,,,,,,,,,,,,,,,,,,,,,,,,,,,,,,,,,,,,,,,,,,,,,,,,,,,,,,,,,,,,,,,,,,,,,,,,,,,,,,,,,,,,,,,,,,,,,,,,,,,,,,,,,,,,,,,,,,,,,,,,,,,,,,,,,,,,,,,,,,,,,,,,,,,,,,,,,,,,,,,,,,,,,,,,,,,,,,,,,,,,,,,,,,,,,,,About to perform: CREATE from com.sap.cloud.cf.destinations.audit.AuditLogOperationHelper,About to perform,Create,com.sap.cloud.cf.destinations.audit.AuditLogOperationHelper,,,baae3a89-81f6-4b4a-a216-7cbaedcc401c,,,,,,,T003388R11-remote1-mytest1.pem,,,,,,,,,,,,,,,,,,,,,,,,,,,,,,,,,,,,,,,,,,,,,,,,,,,,,,,,,,,,,,,,,,,,,,,,,,,,,,,,,,,,,,,,,,,,,,,,,True,DAYS,10,,,,,,,,,,
0d0456d7386f46fdb3834d627f2ad19e,2026-07-06T16:39:06.883Z,baae3a89-81f6-4b4a-a216-7cbaedcc401c,e8109523-6a25-4d11-ad1b-d69ed2fbcc11,b04b22f9-af07-4eac-8895-16d9c517433b,8d282650-55bc-44e3-955c-acd1fa191684,0377dd57-bad1-4ff5-8734-694fe1da3f9f,unknown,audit.configuration,,0d0456d7386f46fdb3834d627f2ad19e,unknown,2026-07-06T16:39:06.883419Z,b5cb82e9-51e2-48ec-90da-7f59ab15ba5c,,Tenant,,client default,CREATED,,,,,,,,,,,,,,,,,audit.configuration,baae3a89-81f6-4b4a-a216-7cbaedcc401c,,,,,,,,,,,,,,,,,,,,,,,,,,,,,,,,,,,,,,,,,,,,,,,,,,,,,,,,,,,,,,,DELETED,,,,,,,,,,,,,,,,,,,,,,,,,,,,,,,,,,,,,,,,,,,,,,,,,,,,,,,,,,,,,,,,,,,,,,,,,,,,,,,,,,,,,,,,,,,,,,,,,,,,,,,,,,,,,,,,,,,,,,,,,,,,,,,,,,,,,,,,,,,,,,,,,,,,,,,,,,,,,,,,,,,,,,,,,,,,,,,,,,,,,,,,,,,,,,,,,,,,,,,,,,,,,,,,,,,,,,,,,baae3a89-81f6-4b4a-a216-7cbaedcc401c,,,,,,,,,,,,,,,,,,,,,,,,,,,,,,,,,,,,,,,,,,,,,,,,,,,,,,,,,,,,,,,,,,,,,,,,,,,,,,,,,,,,,,,,,,,,,,,,,,,,,,,,,,,,,,,,,,,,,,,,,,,,,,,,,,,,,,,,,,,,,,,,,,,,,,,,,,,,,,,,
bbbf0ab908eb4cf99f0290c80030aca3,2026-07-06T16:39:07.101Z,baae3a89-81f6-4b4a-a216-7cbaedcc401c,e8109523-6a25-4d11-ad1b-d69ed2fbcc11,b04b22f9-af07-4eac-8895-16d9c517433b,8d282650-55bc-44e3-955c-acd1fa191684,0377dd57-bad1-4ff5-8734-694fe1da3f9f,unknown,audit.configuration,,bbbf0ab908eb4cf99f0290c80030aca3,unknown,2026-07-06T16:39:07.101470Z,12588c25-3468-46fd-b982-3f2cb77abf33,True,Tenant,,client irpa_shared,,,,,,,,,,,,,,,,,,audit.configuration,baae3a89-81f6-4b4a-a216-7cbaedcc401c,,,,,,,,,,,,,,,,,,,,,,,,,,,,,,,,,,,,,,,,,,,,,,,,,,,,,,,,,,,,,,,CREATED,,,,,,,,,,,,,,,,,,,,,,,,,,,,,,,,,,,,,,,,,,,,,,,,,,,,,,,,,,,,,,,,,,,,,,,,,,,,,,,,,,,,,,,,,,,,,,,,,,,,,,,,,,,,,,,,,,,,,,,,,,,,,,,,,,,,,,,,,,,,,,,,,,,,,,,,,,,,,,,,,,,,,,,,,,,,,,,,,,,,,,,,,,,,,,,,,,,,,,,,,,,,,,,,,,,,,,,,,baae3a89-81f6-4b4a-a216-7cbaedcc401c,,,,,,,,,,,,,,,,,,,,,,,,,,,,,,,,,,,,,,,,,,,,,,,,,,,,,,,,,,,,,,,,,,,,,,,,,,,,,,,,,,,,,,,,,,,,,,,,,,,,,,,,,,,,,,,,,,,,,,,,,,,,,,,,,,,,,,,,,,,,,,,,,,,,,,,,,,,,,,,,
19a831aefcb3498a80269d6dcb33ec1b,2026-07-06T16:39:07.036Z,baae3a89-81f6-4b4a-a216-7cbaedcc401c,e8109523-6a25-4d11-ad1b-d69ed2fbcc11,b04b22f9-af07-4eac-8895-16d9c517433b,8d282650-55bc-44e3-955c-acd1fa191684,0377dd57-bad1-4ff5-8734-694fe1da3f9f,unknown,audit.configuration,,19a831aefcb3498a80269d6dcb33ec1b,unknown,2026-07-06T16:39:07.036656Z,99add3aa-393f-43f1-868c-74aaa8d05951,,Tenant,,client irpa_shared,,,,,,,,,,,,,,,,,,audit.configuration,baae3a89-81f6-4b4a-a216-7cbaedcc401c,,,,,,,,,,,,,,,,,,,,,,,,,,,,,,,,,,,,,,,,,,,,,,,,,,,,,,,,,,,,,,,CREATED,,,,,,,,,,,,,,,,,,,,,,,,,,,,,,,,,,,,,,,,,,,,,,,,,,,,,,,,,,,,,,,,,,,,,,,,,,,,,,,,,,,,,,,,,,,,,,,,,,,,,,,,,,,,,,,,,,,,,,,,,,,,,,,,,,,,,,,,,,,,,,,,,,,,,,,,,,,,,,,,,,,,,,,,,,,,,,,,,,,,,,,,,,,,,,,,,,,,,,,,,,,,,,,,,,,,,,,,,baae3a89-81f6-4b4a-a216-7cbaedcc401c,,,,,,,,,,,,,,,,,,,,,,,,,,,,,,,,,,,,,,,,,,,,,,,,,,,,,,,,,,,,,,,,,,,,,,,,,,,,,,,,,,,,,,,,,,,,,,,,,,,,,,,,,,,,,,,,,,,,,,,,,,,,,,,,,,,,,,,,,,,,,,,,,,,,,,,,,,,,,,,,
a082c793d3fd40ea80a99343583de866,2026-07-06T16:39:06.946Z,baae3a89-81f6-4b4a-a216-7cbaedcc401c,e8109523-6a25-4d11-ad1b-d69ed2fbcc11,b04b22f9-af07-4eac-8895-16d9c517433b,8d282650-55bc-44e3-955c-acd1fa191684,0377dd57-bad1-4ff5-8734-694fe1da3f9f,unknown,audit.configuration,,a082c793d3fd40ea80a99343583de866,unknown,2026-07-06T16:39:06.946994Z,7dfe7f48-e3f0-47f4-ba3e-60d8d8123abb,True,Tenant,,client default,CREATED,,,,,,,,,,,,,,,,,audit.configuration,baae3a89-81f6-4b4a-a216-7cbaedcc401c,,,,,,,,,,,,,,,,,,,,,,,,,,,,,,,,,,,,,,,,,,,,,,,,,,,,,,,,,,,,,,,DELETED,,,,,,,,,,,,,,,,,,,,,,,,,,,,,,,,,,,,,,,,,,,,,,,,,,,,,,,,,,,,,,,,,,,,,,,,,,,,,,,,,,,,,,,,,,,,,,,,,,,,,,,,,,,,,,,,,,,,,,,,,,,,,,,,,,,,,,,,,,,,,,,,,,,,,,,,,,,,,,,,,,,,,,,,,,,,,,,,,,,,,,,,,,,,,,,,,,,,,,,,,,,,,,,,,,,,,,,,,baae3a89-81f6-4b4a-a216-7cbaedcc401c,,,,,,,,,,,,,,,,,,,,,,,,,,,,,,,,,,,,,,,,,,,,,,,,,,,,,,,,,,,,,,,,,,,,,,,,,,,,,,,,,,,,,,,,,,,,,,,,,,,,,,,,,,,,,,,,,,,,,,,,,,,,,,,,,,,,,,,,,,,,,,,,,,,,,,,,,,,,,,,,
282b0e12-91a4-472e-932f-d1fd4977a580,2026-07-06T00:34:05.585Z,baae3a89-81f6-4b4a-a216-7cbaedcc401c,febc431d-b02b-4d2e-a98f-bf3e0fa57e57,c1d66928-d734-43a5-a841-58267b865215,,2e5bbfe7-bb4f-49f1-9984-f13219a6a1c9,user/sap.custom/basiser@163.com,audit.security-events,,282b0e12-91a4-472e-932f-d1fd4977a580,user/sap.custom/basiser@163.com,2026-07-06T00:34:05.585967398Z,319c1431-1355-4572-8ab4-9b33318509c5,,,,,,,,,,,,,,,,,,,,,,audit.security-events,baae3a89-81f6-4b4a-a216-7cbaedcc401c,,,,,,,,,,,,,,,,,,,,,,,,,,,,,,,,,,,,,,,,,,,,,,,,,,,,,,,,,,,,,,,,,,,,,,,,,,,,,,,,,,,,,,,,,,,,,,,,,,,,,,,,,,,,,,,,,,,,,,,,,,,,,,,,,,,,,,,,,,,,,,,,,,,,,,,,,,,,,,,,,,,,,,,,,,,,,,,,,,,,,,,,,,,,,,,,,,,,,,,,,,,,,,,,,,,,,,,,,,,,,,,,,,,,,,,,,,,,,,,,,,,,,,,,,,,,,,,,,,,,,,,,,,,,,,,,,,,,,,,,,,,,,,,,,,,,,,,,,,,,,,,,,,,,,,,,,,,,,,,,,,,,,,,,,,,,,,,,,,,,,,,,,,,,,,,,,,,,,,,,,,,,,,,,,,,,,,,,,,,,,,,,,,,,,,,,,,,,,,,,,,,,,,,,,,,,,,,,,,,,,,,,,,,,,,,,,127.0.0.1,Package_Copy_Started,Package,integration of sap s/4hana cloud with sap field service management.zip,,,,
9f16ec05-091c-47dd-9b2e-1274433d1778,2026-07-06T00:34:07.338Z,baae3a89-81f6-4b4a-a216-7cbaedcc401c,febc431d-b02b-4d2e-a98f-bf3e0fa57e57,c1d66928-d734-43a5-a841-58267b865215,,2e5bbfe7-bb4f-49f1-9984-f13219a6a1c9,user/sap.custom/basiser@163.com,audit.security-events,,9f16ec05-091c-47dd-9b2e-1274433d1778,user/sap.custom/basiser@163.com,2026-07-06T00:34:07.338898009Z,c65c7ff9-0c98-4a83-9f5b-58d3967ca6c8,,,,,,,,,,,,,,,,,,,,,,audit.security-events,baae3a89-81f6-4b4a-a216-7cbaedcc401c,,,,,,,,,,,,,,,,,,,,,,,,,,,,,,,,,,,,,,,,,,,,,,,,,,,,,,,,,,,,,,,,,,,,,,,,,,,,,,,,,,,,,,,,,,,,,,,,,,,,,,,,,,,,,,,,,,,,,,,,,,,,,,,,,,,,,,,,,,,,,,,,,,,,,,,,,,,,,,,,,,,,,,,,,,,,,,,,,,,,,,,,,,,,,,,,,,,,,,,,,,,,,,,,,,,,,,,,,,,,,,,,,,,,,,,,,,,,,,,,,,,,,,,,,,,,,,,,,,,,,,,,,,,,,,,,,,,,,,,,,,,,,,,,,,,,,,,,,,,,,,,,,,,,,,,,,,,,,,,,,,,,,,,,,,,,,,,,,,,,,,,,,,,,,,,,,,,,,,,,,,,,,,,,,,,,,,,,,,,,,,,,,,,,,,,,,,,,,,,,,,,,,,,,,,,,,,,,,,,,,,,,,,,,,,,,,127.0.0.1,Package_Copy_Completed,Package,integration of sap s/4hana cloud with sap field service management.zip,,,,
32d007bb-7b62-42b5-a296-f8e3b13db1b0,2026-07-06T01:33:45.000Z,baae3a89-81f6-4b4a-a216-7cbaedcc401c,febc431d-b02b-4d2e-a98f-bf3e0fa57e57,c1d66928-d734-43a5-a841-58267b865215,,2e5bbfe7-bb4f-49f1-9984-f13219a6a1c9,sb-f9e205db-1b5d-4943-9570-fe65031e5e36!b673797|it!b26655,audit.security-events,,32d007bb-7b62-42b5-a296-f8e3b13db1b0,sb-f9e205db-1b5d-4943-9570-fe65031e5e36!b673797|it!b26655,2026-07-06T01:33:45.000434025Z,aa500f0d-eeea-41e6-951d-154a4d89049e,,,,,,,,,,,,,,,,,,,,,,audit.security-events,baae3a89-81f6-4b4a-a216-7cbaedcc401c,,,,,,,,,,,,,,,,,,,,,,,,,,,,,,,,,,,,,,,,,,,,,,,,,,,,,,,,,,,,,,,,,,,,,,,,,,,,,,,,,,,,,,,,,,,,,,,,,,,,,,,,,,,,,,,,,,,,,,,,,,,,,,,,,,,,,,,,,,,,,,,,,,,,,,,,,,,,,,,,,,,,,,,,,,,,,,,,,,,,,,,,,,,,,,,,,,,,,,,,,,,,,,,,,,,,,,,,,,,,,,,,,,,,,,,,,,,,,,,,,,,,,,,,,,,,,,,,,,,,,,,,,,,,,,,,,,,,,,,,,,,,,,,,,,,,,,,,,,,,,,,,,,,,,,,,,,,,,,,,,,,,,,,,,,,,,,,,,,,,,,,,,,,,,,,,,,,,,,,,,,,,,,,,,,,,,,,,,,,,,,,,,,,,,,,,,,,,,,,,,,,,,,,,,,,,,,,,,,,,,,,,,,,,,,,,,127.0.0.1,Package_Transport_Started,Package,data.zip,,,,
cb3a9a6d-db43-4b23-a151-4eee18987075,2026-07-06T01:33:46.012Z,baae3a89-81f6-4b4a-a216-7cbaedcc401c,febc431d-b02b-4d2e-a98f-bf3e0fa57e57,c1d66928-d734-43a5-a841-58267b865215,,2e5bbfe7-bb4f-49f1-9984-f13219a6a1c9,sb-f9e205db-1b5d-4943-9570-fe65031e5e36!b673797|it!b26655,audit.security-events,,cb3a9a6d-db43-4b23-a151-4eee18987075,sb-f9e205db-1b5d-4943-9570-fe65031e5e36!b673797|it!b26655,2026-07-06T01:33:46.012706334Z,ded42d39-c1e0-4f18-8c1f-556424ae4073,,,,,,,,,,,,,,,,,,,,,,audit.security-events,baae3a89-81f6-4b4a-a216-7cbaedcc401c,,,,,,,,,,,,,,,,,,,,,,,,,,,,,,,,,,,,,,,,,,,,,,,,,,,,,,,,,,,,,,,,,,,,,,,,,,,,,,,,,,,,,,,,,,,,,,,,,,,,,,,,,,,,,,,,,,,,,,,,,,,,,,,,,,,,,,,,,,,,,,,,,,,,,,,,,,,,,,,,,,,,,,,,,,,,,,,,,,,,,,,,,,,,,,,,,,,,,,,,,,,,,,,,,,,,,,,,,,,,,,,,,,,,,,,,,,,,,,,,,,,,,,,,,,,,,,,,,,,,,,,,,,,,,,,,,,,,,,,,,,,,,,,,,,,,,,,,,,,,,,,,,,,,,,,,,,,,,,,,,,,,,,,,,,,,,,,,,,,,,,,,,,,,,,,,,,,,,,,,,,,,,,,,,,,,,,,,,,,,,,,,,,,,,,,,,,,,,,,,,,,,,,,,,,,,,,,,,,,,,,,,,,,,,,,,,127.0.0.1,Package_Transport_Completed,Package,data.zip,,,,
deefce9b-9709-4fda-a797-14b92bb51463,2026-07-06T03:50:42.811Z,baae3a89-81f6-4b4a-a216-7cbaedcc401c,febc431d-b02b-4d2e-a98f-bf3e0fa57e57,c1d66928-d734-43a5-a841-58267b865215,,2e5bbfe7-bb4f-49f1-9984-f13219a6a1c9,user/sap.default/basiser@163.com,audit.security-events,,deefce9b-9709-4fda-a797-14b92bb51463,user/sap.default/basiser@163.com,2026-07-06T03:50:42.811429428Z,358bdb41-9024-4354-8dd2-08bf670a9d23,,,,,,,,,,,,,,,,,,,,,,audit.security-events,baae3a89-81f6-4b4a-a216-7cbaedcc401c,,,,,,,,,,,,,,,,,,,,,,,,,,,,,,,,,,,,,,,,,,,,,,,,,,,,,,,,,,,,,,,,,,,,,,,,,,,,,,,,,,,,,,,,,,,,,,,,,,,,,,,,,,,,,,,,,,,,,,,,,,,,,,,,,,,,,,,,,,,,,,,,,,,,,,,,,,,,,,,,,,,,,,,,,,,,,,,,,,,,,,,,,,,,,,,,,,,,,,,,,,,,,,,,,,,,,,,,,,,,,,,,,,,,,,,,,,,,,,,,,,,,,,,,,,,,,,,,,,,,,,,,,,,,,,,,,,,,,,,,,,,,,,,,,,,,,,,,,,,,,,,,,,,,,,,,,,,,,,,,,,,,,,,,,,,,,,,,,,,,,,,,,,,,,,,,,,,,,,,,,,,,,,,,,,,,,,,,,,,,,,,,,,,,,,,,,,,,,,,,,,,,,,,,,,,,,,,,,,,,,,,,,,,,,,,,,127.0.0.1,Deploy_of_Artifact_Accepted,IntegrationFlow,Check_Configuration_for_Integration_of_SAP_S4HANA_Cloud_with_SAP_Field_Service_Management,cloudintegration,,,
55113079-cbe3-4813-a0b9-2acfb579c4b3,2026-07-06T03:50:42.268Z,baae3a89-81f6-4b4a-a216-7cbaedcc401c,febc431d-b02b-4d2e-a98f-bf3e0fa57e57,c1d66928-d734-43a5-a841-58267b865215,,2e5bbfe7-bb4f-49f1-9984-f13219a6a1c9,user/sap.default/basiser@163.com,audit.security-events,,55113079-cbe3-4813-a0b9-2acfb579c4b3,user/sap.default/basiser@163.com,2026-07-06T03:50:42.268367187Z,a82e63a7-2c1a-429e-b9ba-2d18cc8c42cb,,,,,,,,,,,,,,,,,,,,,,audit.security-events,baae3a89-81f6-4b4a-a216-7cbaedcc401c,,,,,,,,,,,,,,,,,,,,,,,,,,,,,,,,,,,,,,,,,,,,,,,,,,,,,,,,,,,,,,,,,,,,,,,,,,,,,,,,,,,,,,,,,,,,,,,,,,,,,,,,,,,,,,,,,,,,,,,,,,,,,,,,,,,,,,,,,,,,,,,,,,,,,,,,,,,,,,,,,,,,,,,,,,,,,,,,,,,,,,,,,,,,,,,,,,,,,,,,,,,,,,,,,,,,,,,,,,,,,,,,,,,,,,,,,,,,,,,,,,,,,,,,,,,,,,,,,,,,,,,,,,,,,,,,,,,,,,,,,,,,,,,,,,,,,,,,,,,,,,,,,,,,,,,,,,,,,,,,,,,,,,,,,,,,,,,,,,,,,,,,,,,,,,,,,,,,,,,,,,,,,,,,,,,,,,,,,,,,,,,,,,,,,,,,,,,,,,,,,,,,,,,,,,,,,,,,,,,,,,,,,,,,,,,,,127.0.0.1,Deploy_of_Artifact_Initiated,IntegrationFlow,Check_Configuration_for_Integration_of_SAP_S4HANA_Cloud_with_SAP_Field_Service_Management,cloudintegration,,,
0a794ddc-cecd-4437-9c86-a8487a8c12ce,2026-07-06T03:59:03.375Z,baae3a89-81f6-4b4a-a216-7cbaedcc401c,febc431d-b02b-4d2e-a98f-bf3e0fa57e57,c1d66928-d734-43a5-a841-58267b865215,,2e5bbfe7-bb4f-49f1-9984-f13219a6a1c9,user/sap.custom/basiser@163.com,audit.security-events,,0a794ddc-cecd-4437-9c86-a8487a8c12ce,user/sap.custom/basiser@163.com,2026-07-06T03:59:03.375111867Z,7d0030ce-2ca7-4b67-9f92-da3d472873c9,,,,,,,,,,,,,,,,,,,,,,audit.security-events,baae3a89-81f6-4b4a-a216-7cbaedcc401c,,,,,,,,,,,,,,,,,,,,,,,,,,,,,,,,,,,,,,,,,,,,,,,,,,,,,,,,,,,,,,,,,,,,,,,,,,,,,,,,,,,,,,,,,,,,,,,,,,,,,,,,,,,,,,,,,,,,,,,,,,,,,,,,,,,,,,,,,,,,,,,,,,,,,,,,,,,,,,,,,,,,,,,,,,,,,,,,,,,,,,,,,,,,,,,,,,,,,,,,,,,,,,,,,,,,,,,,,,,,,,,,,,,,,,,,,,,,,,,,,,,,,,,,,,,,,,,,,,,,,,,,,,,,,,,,,,,,,,,,,,,,,,,,,,,,,,,,,,,,,,,,,,,,,,,,,,,,,,,,,,,,,,,,,,,,,,,,,,,,,,,,,,,,,,,,,,,,,,,,,,,,,,,,,,,,,,,,,,,,,,,,,,,,,,,,,,,,,,,,,,,,,,,,,,,,,,,,,,,,,,,,,,,,,,,,,127.0.0.1,Creation_of_Artifact_Completed,IntegrationFlow,zflow1,,,,
a97cf9f8-61cf-47d3-867a-dc32d888e4e0,2026-07-06T03:59:03.093Z,baae3a89-81f6-4b4a-a216-7cbaedcc401c,febc431d-b02b-4d2e-a98f-bf3e0fa57e57,c1d66928-d734-43a5-a841-58267b865215,,2e5bbfe7-bb4f-49f1-9984-f13219a6a1c9,user/sap.custom/basiser@163.com,audit.security-events,,a97cf9f8-61cf-47d3-867a-dc32d888e4e0,user/sap.custom/basiser@163.com,2026-07-06T03:59:03.093755826Z,5fddfc79-1d99-464b-bbe6-03034106b2e0,,,,,,,,,,,,,,,,,,,,,,audit.security-events,baae3a89-81f6-4b4a-a216-7cbaedcc401c,,,,,,,,,,,,,,,,,,,,,,,,,,,,,,,,,,,,,,,,,,,,,,,,,,,,,,,,,,,,,,,,,,,,,,,,,,,,,,,,,,,,,,,,,,,,,,,,,,,,,,,,,,,,,,,,,,,,,,,,,,,,,,,,,,,,,,,,,,,,,,,,,,,,,,,,,,,,,,,,,,,,,,,,,,,,,,,,,,,,,,,,,,,,,,,,,,,,,,,,,,,,,,,,,,,,,,,,,,,,,,,,,,,,,,,,,,,,,,,,,,,,,,,,,,,,,,,,,,,,,,,,,,,,,,,,,,,,,,,,,,,,,,,,,,,,,,,,,,,,,,,,,,,,,,,,,,,,,,,,,,,,,,,,,,,,,,,,,,,,,,,,,,,,,,,,,,,,,,,,,,,,,,,,,,,,,,,,,,,,,,,,,,,,,,,,,,,,,,,,,,,,,,,,,,,,,,,,,,,,,,,,,,,,,,,,,127.0.0.1,Creation_of_Artifact_Initiated,IntegrationFlow,zflow1,,,,
572b5738-5075-4cac-af33-be36e9ff7119,2026-07-06T04:00:02.467Z,baae3a89-81f6-4b4a-a216-7cbaedcc401c,febc431d-b02b-4d2e-a98f-bf3e0fa57e57,c1d66928-d734-43a5-a841-58267b865215,,2e5bbfe7-bb4f-49f1-9984-f13219a6a1c9,user/sap.custom/basiser@163.com,audit.security-events,,572b5738-5075-4cac-af33-be36e9ff7119,user/sap.custom/basiser@163.com,2026-07-06T04:00:02.467707982Z,98a16a4b-5f7b-4483-afc4-45b3b3e04cbf,,,,,,,,,,,,,,,,,,,,,,audit.security-events,baae3a89-81f6-4b4a-a216-7cbaedcc401c,,,,,,,,,,,,,,,,,,,,,,,,,,,,,,,,,,,,,,,,,,,,,,,,,,,,,,,,,,,,,,,,,,,,,,,,,,,,,,,,,,,,,,,,,,,,,,,,,,,,,,,,,,,,,,,,,,,,,,,,,,,,,,,,,,,,,,,,,,,,,,,,,,,,,,,,,,,,,,,,,,,,,,,,,,,,,,,,,,,,,,,,,,,,,,,,,,,,,,,,,,,,,,,,,,,,,,,,,,,,,,,,,,,,,,,,,,,,,,,,,,,,,,,,,,,,,,,,,,,,,,,,,,,,,,,,,,,,,,,,,,,,,,,,,,,,,,,,,,,,,,,,,,,,,,,,,,,,,,,,,,,,,,,,,,,,,,,,,,,,,,,,,,,,,,,,,,,,,,,,,,,,,,,,,,,,,,,,,,,,,,,,,,,,,,,,,,,,,,,,,,,,,,,,,,,,,,,,,,,,,,,,,,,,,,,,,127.0.0.1,Creation_of_Artifact_Initiated,IntegrationFlow,zflow-test,,,,
f43097ab-9719-44b3-871f-9a0620689b79,2026-07-06T04:00:02.582Z,baae3a89-81f6-4b4a-a216-7cbaedcc401c,febc431d-b02b-4d2e-a98f-bf3e0fa57e57,c1d66928-d734-43a5-a841-58267b865215,,2e5bbfe7-bb4f-49f1-9984-f13219a6a1c9,user/sap.custom/basiser@163.com,audit.security-events,,f43097ab-9719-44b3-871f-9a0620689b79,user/sap.custom/basiser@163.com,2026-07-06T04:00:02.582911921Z,da0b078e-c1b8-40ee-a6f0-9c1d82cf01c5,,,,,,,,,,,,,,,,,,,,,,audit.security-events,baae3a89-81f6-4b4a-a216-7cbaedcc401c,,,,,,,,,,,,,,,,,,,,,,,,,,,,,,,,,,,,,,,,,,,,,,,,,,,,,,,,,,,,,,,,,,,,,,,,,,,,,,,,,,,,,,,,,,,,,,,,,,,,,,,,,,,,,,,,,,,,,,,,,,,,,,,,,,,,,,,,,,,,,,,,,,,,,,,,,,,,,,,,,,,,,,,,,,,,,,,,,,,,,,,,,,,,,,,,,,,,,,,,,,,,,,,,,,,,,,,,,,,,,,,,,,,,,,,,,,,,,,,,,,,,,,,,,,,,,,,,,,,,,,,,,,,,,,,,,,,,,,,,,,,,,,,,,,,,,,,,,,,,,,,,,,,,,,,,,,,,,,,,,,,,,,,,,,,,,,,,,,,,,,,,,,,,,,,,,,,,,,,,,,,,,,,,,,,,,,,,,,,,,,,,,,,,,,,,,,,,,,,,,,,,,,,,,,,,,,,,,,,,,,,,,,,,,,,,,127.0.0.1,Creation_of_Artifact_Completed,IntegrationFlow,zflow-test,,,,
7c1c2a4a-77ef-4729-a49d-e5cb05af06c3,2026-07-06T04:01:09.488Z,baae3a89-81f6-4b4a-a216-7cbaedcc401c,febc431d-b02b-4d2e-a98f-bf3e0fa57e57,c1d66928-d734-43a5-a841-58267b865215,,2e5bbfe7-bb4f-49f1-9984-f13219a6a1c9,user/sap.custom/basiser@163.com,audit.security-events,,7c1c2a4a-77ef-4729-a49d-e5cb05af06c3,user/sap.custom/basiser@163.com,2026-07-06T04:01:09.488484246Z,f8854f89-e719-43f0-a7d3-6afa2844543c,,,,,,,,,,,,,,,,,,,,,,audit.security-events,baae3a89-81f6-4b4a-a216-7cbaedcc401c,,,,,,,,,,,,,,,,,,,,,,,,,,,,,,,,,,,,,,,,,,,,,,,,,,,,,,,,,,,,,,,,,,,,,,,,,,,,,,,,,,,,,,,,,,,,,,,,,,,,,,,,,,,,,,,,,,,,,,,,,,,,,,,,,,,,,,,,,,,,,,,,,,,,,,,,,,,,,,,,,,,,,,,,,,,,,,,,,,,,,,,,,,,,,,,,,,,,,,,,,,,,,,,,,,,,,,,,,,,,,,,,,,,,,,,,,,,,,,,,,,,,,,,,,,,,,,,,,,,,,,,,,,,,,,,,,,,,,,,,,,,,,,,,,,,,,,,,,,,,,,,,,,,,,,,,,,,,,,,,,,,,,,,,,,,,,,,,,,,,,,,,,,,,,,,,,,,,,,,,,,,,,,,,,,,,,,,,,,,,,,,,,,,,,,,,,,,,,,,,,,,,,,,,,,,,,,,,,,,,,,,,,,,,,,,,,127.0.0.1,Creation_of_Artifact_Initiated,IntegrationFlow,zflow-test3,,,,
a50ac998-799e-44c7-87b1-275cdc306708,2026-07-06T04:01:09.609Z,baae3a89-81f6-4b4a-a216-7cbaedcc401c,febc431d-b02b-4d2e-a98f-bf3e0fa57e57,c1d66928-d734-43a5-a841-58267b865215,,2e5bbfe7-bb4f-49f1-9984-f13219a6a1c9,user/sap.custom/basiser@163.com,audit.security-events,,a50ac998-799e-44c7-87b1-275cdc306708,user/sap.custom/basiser@163.com,2026-07-06T04:01:09.609099276Z,c39caeb4-81d1-4a98-8975-d81c742e7b53,,,,,,,,,,,,,,,,,,,,,,audit.security-events,baae3a89-81f6-4b4a-a216-7cbaedcc401c,,,,,,,,,,,,,,,,,,,,,,,,,,,,,,,,,,,,,,,,,,,,,,,,,,,,,,,,,,,,,,,,,,,,,,,,,,,,,,,,,,,,,,,,,,,,,,,,,,,,,,,,,,,,,,,,,,,,,,,,,,,,,,,,,,,,,,,,,,,,,,,,,,,,,,,,,,,,,,,,,,,,,,,,,,,,,,,,,,,,,,,,,,,,,,,,,,,,,,,,,,,,,,,,,,,,,,,,,,,,,,,,,,,,,,,,,,,,,,,,,,,,,,,,,,,,,,,,,,,,,,,,,,,,,,,,,,,,,,,,,,,,,,,,,,,,,,,,,,,,,,,,,,,,,,,,,,,,,,,,,,,,,,,,,,,,,,,,,,,,,,,,,,,,,,,,,,,,,,,,,,,,,,,,,,,,,,,,,,,,,,,,,,,,,,,,,,,,,,,,,,,,,,,,,,,,,,,,,,,,,,,,,,,,,,,,,127.0.0.1,Creation_of_Artifact_Completed,IntegrationFlow,zflow-test3,,,,
4c1c1dacc10f472994ddd9bb3ed3cf0f,2026-07-06T16:39:05.345Z,baae3a89-81f6-4b4a-a216-7cbaedcc401c,e8109523-6a25-4d11-ad1b-d69ed2fbcc11,b04b22f9-af07-4eac-8895-16d9c517433b,8d282650-55bc-44e3-955c-acd1fa191684,0377dd57-bad1-4ff5-8734-694fe1da3f9f,557e91a0-6276-532e-a9aa-dfca967ef4cc,audit.security-events,,4c1c1dacc10f472994ddd9bb3ed3cf0f,557e91a0-6276-532e-a9aa-dfca967ef4cc,2026-07-06T16:39:05.345686Z,2440a3db-db3a-4520-8275-80a0e8092382,,,,,,,,,,,,,,,,,,,,,,audit.security-events,baae3a89-81f6-4b4a-a216-7cbaedcc401c,,,,,,,,,,,,,,,,,,,,,,,,,,,,,,,,,,,,,,,,,,,,,,,,,,,,,,,,,,,,,,,,,,,,,,,,,,,,,,,,,,,,,,,,,,,,,,,,,,,,,,,,,,,,,,,,,,,,,,,,,,,,,,,,,,,,,,,,,,,,,,,,,,,,,,,,,,,,,,,,,,,,,,,,,,,,,,,,,,,,,,,,,,,,,,,,,,,,,,,,,,,,,,,,,,,,,,,,,,,,,,,,,,,,,,,,,,,,,,,,,,,,,,,,,,,,,,,,,,,,,,,,,,,,,,,,,,,,,,,,,,,,,,,,,,,,,,,,,,,,,,,,,,,,,,,,,,,,,,,,,,,,,,,,,,,,,,,,,,,,,,,,,,,,,,,,,,,,,,,,,,,,,,,,,,,,,,,,,,,,,,,,,,,,,,,,,,,,,,,,,,,,,,,,,,,,,,,,,,,,,,,,,,,,,,,,,10.0.200.2,,,,,aa9b2ddc-57f2-4fdd-5d67-fac1f0b1a1e6,com.sap.aibus.sap-document-information-extraction.authorization.Success,
a45b41924dc44d65bb1c7bb3e0dc201a,2026-07-06T16:39:05.483Z,baae3a89-81f6-4b4a-a216-7cbaedcc401c,e8109523-6a25-4d11-ad1b-d69ed2fbcc11,b04b22f9-af07-4eac-8895-16d9c517433b,8d282650-55bc-44e3-955c-acd1fa191684,0377dd57-bad1-4ff5-8734-694fe1da3f9f,557e91a0-6276-532e-a9aa-dfca967ef4cc,audit.security-events,,a45b41924dc44d65bb1c7bb3e0dc201a,557e91a0-6276-532e-a9aa-dfca967ef4cc,2026-07-06T16:39:05.483585Z,9ad2a0a8-6ea5-4cbc-a423-f2513aae2be9,,,,,,,,,,,,,,,,,,,,,,audit.security-events,baae3a89-81f6-4b4a-a216-7cbaedcc401c,,,,,,,,,,,,,,,,,,,,,,,,,,,,,,,,,,,,,,,,,,,,,,,,,,,,,,,,,,,,,,,,,,,,,,,,,,,,,,,,,,,,,,,,,,,,,,,,,,,,,,,,,,,,,,,,,,,,,,,,,,,,,,,,,,,,,,,,,,,,,,,,,,,,,,,,,,,,,,,,,,,,,,,,,,,,,,,,,,,,,,,,,,,,,,,,,,,,,,,,,,,,,,,,,,,,,,,,,,,,,,,,,,,,,,,,,,,,,,,,,,,,,,,,,,,,,,,,,,,,,,,,,,,,,,,,,,,,,,,,,,,,,,,,,,,,,,,,,,,,,,,,,,,,,,,,,,,,,,,,,,,,,,,,,,,,,,,,,,,,,,,,,,,,,,,,,,,,,,,,,,,,,,,,,,,,,,,,,,,,,,,,,,,,,,,,,,,,,,,,,,,,,,,,,,,,,,,,,,,,,,,,,,,,,,,,,10.0.200.0,,,,,7f273ff6-b04d-4827-7b7e-fbf4793739d2,com.sap.aibus.sap-document-information-extraction.authorization.Success,
f5071b1c95c5473486e6e7bbfe7d8282,2026-07-06T16:39:06.947Z,baae3a89-81f6-4b4a-a216-7cbaedcc401c,e8109523-6a25-4d11-ad1b-d69ed2fbcc11,b04b22f9-af07-4eac-8895-16d9c517433b,8d282650-55bc-44e3-955c-acd1fa191684,0377dd57-bad1-4ff5-8734-694fe1da3f9f,557e91a0-6276-532e-a9aa-dfca967ef4cc,audit.security-events,,f5071b1c95c5473486e6e7bbfe7d8282,557e91a0-6276-532e-a9aa-dfca967ef4cc,2026-07-06T16:39:06.947577Z,5244a46a-dab7-40d8-8bfb-c2b702b10507,,,,,,,,,,,,,,,,,,,,,,audit.security-events,baae3a89-81f6-4b4a-a216-7cbaedcc401c,,,,,,,,,,,,,,,,,,,,,,,,,,,,,,,,,,,,,,,,,,,,,,,,,,,,,,,,,,,,,,,,,,,,,,,,,,,,,,,,,,,,,,,,,,,,,,,,,,,,,,,,,,,,,,,,,,,,,,,,,,,,,,,,,,,,,,,,,,,,,,,,,,,,,,,,,,,,,,,,,,,,,,,,,,,,,,,,,,,,,,,,,,,,,,,,,,,,,,,,,,,,,,,,,,,,,,,,,,,,,,,,,,,,,,,,,,,,,,,,,,,,,,,,,,,,,,,,,,,,,,,,,,,,,,,,,,,,,,,,,,,,,,,,,,,,,,,,,,,,,,,,,,,,,,,,,,,,,,,,,,,,,,,,,,,,,,,,,,,,,,,,,,,,,,,,,,,,,,,,,,,,,,,,,,,,,,,,,,,,,,,,,,,,,,,,,,,,,,,,,,,,,,,,,,,,,,,,,,,,,,,,,,,,,,,,,10.0.200.4,,,,,0b9e79b6-9e02-43bd-62d1-635cfe2ed266,com.sap.aibus.sap-document-information-extraction.authorization.Success,
11a39d553b594df69a78c391952907ed,2026-07-06T16:39:07.179Z,baae3a89-81f6-4b4a-a216-7cbaedcc401c,e8109523-6a25-4d11-ad1b-d69ed2fbcc11,b04b22f9-af07-4eac-8895-16d9c517433b,8d282650-55bc-44e3-955c-acd1fa191684,0377dd57-bad1-4ff5-8734-694fe1da3f9f,557e91a0-6276-532e-a9aa-dfca967ef4cc,audit.security-events,,11a39d553b594df69a78c391952907ed,557e91a0-6276-532e-a9aa-dfca967ef4cc,2026-07-06T16:39:07.179224Z,042d1d3a-ab93-4ce0-9b7d-59dde9bce83d,,,,,,,,,,,,,,,,,,,,,,audit.security-events,baae3a89-81f6-4b4a-a216-7cbaedcc401c,,,,,,,,,,,,,,,,,,,,,,,,,,,,,,,,,,,,,,,,,,,,,,,,,,,,,,,,,,,,,,,,,,,,,,,,,,,,,,,,,,,,,,,,,,,,,,,,,,,,,,,,,,,,,,,,,,,,,,,,,,,,,,,,,,,,,,,,,,,,,,,,,,,,,,,,,,,,,,,,,,,,,,,,,,,,,,,,,,,,,,,,,,,,,,,,,,,,,,,,,,,,,,,,,,,,,,,,,,,,,,,,,,,,,,,,,,,,,,,,,,,,,,,,,,,,,,,,,,,,,,,,,,,,,,,,,,,,,,,,,,,,,,,,,,,,,,,,,,,,,,,,,,,,,,,,,,,,,,,,,,,,,,,,,,,,,,,,,,,,,,,,,,,,,,,,,,,,,,,,,,,,,,,,,,,,,,,,,,,,,,,,,,,,,,,,,,,,,,,,,,,,,,,,,,,,,,,,,,,,,,,,,,,,,,,,,10.0.136.2,,,,,9819cf33-9629-4995-70bc-06036c7166fc,com.sap.aibus.sap-document-information-extraction.authorization.Success,
8f5ec7dd-a477-4612-8162-9815cbe8c930,2026-07-08T03:41:18.827Z,baae3a89-81f6-4b4a-a216-7cbaedcc401c,b47dad21-08b2-41fd-b49e-133635884836,9af3dfd0-664c-42c6-a56f-f8fbd397e040,424fcb4c-6d21-430d-a4c5-b1f91900f44e,f4b2723d-1383-4dcc-b53a-621a8dcd3737,client/sap_sb,audit.configuration,,8f5ec7dd-a477-4612-8162-9815cbe8c930,client/sap_sb,2026-07-08T03:41:18.827375Z,42a6f213-72fe-4491-9ece-740647598610,True,application,,complete,,,,,,,,,,,,,,,,,END,audit.configuration,baae3a89-81f6-4b4a-a216-7cbaedcc401c,,CREATE,2026-07-08T03:41:18.827375Z,,,,,,,,,,,,,,,,,,,,,,,,,,,,,,,,,,,,,,,,,,,,,,,,,,41cd2464-e495-4cb9-8d62-99ae1f8780c3,11616f31-ae07-43bb-4f81-931d556fd5ea,,,,,,,,,"ServiceInstanceId: df5e37f8-c1b1-48bc-8d90-42aea8aa1ce9, userName: null, xs-security.json: {""scopes"":[{""description"":""Export audit log"",""name"":""$XSAPPNAME.export""}],""tenant-mode"":""dedicated"",""xsappname"":""audit-log-storing""}",,,,,,,,,,,,,,,,,,,,,,,,,,,,,,,,,,,,,,,,,,,,,,,,,,,,,,,,,,,,,,,,,,,,,,,,,,,,,,,,,,,,,,,,,,,,,,,,,,,,,,,,,,,,,,,,,,,,,,,,,,,,,,,,,,,,,,,,,,,,,,,,,,,,,,,,,,,,,,,,,,,,,,,,,,,,,,,,,,,,,,,,,,,,,,,,,,,,,,,,,,,,,,,,,,,,,,,,,,,,,,,,,,,,,,,,,,,,,,,,,,,,,,,,,,,,,,,,,,,,,,,,,,,,,,,,,,,,,,,,,,,,,,,,,,,,,,,,,,,,,,,,,,,,,,,,,,,,,,,,,,,,,,,,,,,,,,,,,,,,,,,,,,,,,,,,,,,,,,,,,,,,,,,,,,,,,,,,,
055d4a94-f9a9-4d33-8216-e67ecb75498f,2026-07-08T14:32:01.643Z,baae3a89-81f6-4b4a-a216-7cbaedcc401c,febc431d-b02b-4d2e-a98f-bf3e0fa57e57,c1d66928-d734-43a5-a841-58267b865215,,122d6d95-3f16-41bd-89e2-ff0a4e5791fd,SAP,audit.security-events,,055d4a94-f9a9-4d33-8216-e67ecb75498f,SAP,2026-07-08T14:32:01.643784718Z,576a1bb5-a99f-4566-9f10-a79f365e6331,,,,,,,,,,,,,,,,,,,,,,audit.security-events,baae3a89-81f6-4b4a-a216-7cbaedcc401c,,,,,,,,,,,,,,,,,,,,,,,,,,,,,,,,,,,,,,,,,,,,,,,,,,,,,,,,,,,,,,,,,,,,,,,,,,,,,,,,,,,,,,,,,,,,,,,,,,,,,,,,,,,,,,,,,,,,,,,,,,,,,,,,,,,,,,,,,,,,,,,,,,,,,,,,,,,,,,,,,,,,,,,,,,,,,,,,,,,,,,,,,,,,,,,,,,,,,,,,,,,,,,,,,,,,,,,,,,,,,,,,,,,,,,,,,,,,,,,,,,,,,,,,,,,,,,,,,,,,,,,,,,,,,,,,,,,,,,,,,,,,,,,,,,,,,,,,,,,,,,,,,,,,,,,,,,,,,,,,,,,,,,,,,,,,,,,,,,,,,,,,,,,,,,,,,,,,,,,,,,,,,,,,,,,,,,,,,,,,,,,,,,,,,,,,,,,,,,,,,,,,,,,,,,,,,,,,,,,,,,,,,,,,,,,,,127.0.0.1,Create,EncryptionKey,AVATAR_DB_PRIVATE_KEY_1,,,,sb-20a63698-d6af-4802-80db-e6bafe30a53f!b26655|sap-jobscheduler!b1
